,Twitter Account,Date,Compound,Positive,Negative,Neutral,Text
0,@BBCNews,Sat Dec 02 19:03:17 +0000 2017,-0.4019,0.0,0.748,0.252,Dalston bus ticket clash: Eight police officers injured https://t.co/IDBFyBXpzU
1,@BBCNews,Sat Dec 02 18:53:04 +0000 2017,0.4767,0.339,0.661,0.0,Children's commissioner may consider legal action over Universal Credit https://t.co/VBUgrOVaBF
2,@BBCNews,Sat Dec 02 18:01:06 +0000 2017,0.0,0.0,1.0,0.0,"RT @BBCSport: Half an hour gone.

Arsenal 0-2 Man Utd.

Liveüëâ https://t.co/KcWELiLlbu #ARSMUN https://t.co/52HL2bn4nW"
3,@BBCNews,Sat Dec 02 17:53:21 +0000 2017,0.0,0.0,1.0,0.0,"RT @bbcweather: Heading out this #SaturdayNight? It'll be generally cloudy, with a little patchy #rain for some. Ben R https://t.co/eCyp8BY‚Ä¶"
4,@BBCNews,Sat Dec 02 17:28:39 +0000 2017,-0.5994,0.0,0.804,0.196,RT @BBCNewsbeat: The family of 14-year-old Samuel Berkley say they are 'heartbroken' about his death  https://t.co/uwkibpisVX https://t.co/‚Ä¶
5,@BBCNews,Sat Dec 02 17:02:29 +0000 2017,0.0,0.0,1.0,0.0,RT @BBCSport: What a story for Hereford FC - they'll be in the #FACup third round draw https://t.co/QWHazTLw0a https://t.co/bzxXGK2a1C
6,@BBCNews,Sat Dec 02 16:55:38 +0000 2017,-0.2263,0.0,0.899,0.101,RT @BBCNewsbeat: Tangled tinsel and wonky trees: feast your eyes on the UK's dodgy Christmas displays https://t.co/HLVfpYXFIV https://t.co/‚Ä¶
7,@BBCNews,Sat Dec 02 16:48:36 +0000 2017,0.8934,0.416,0.584,0.0,"RT @BBCSport: Wales survived a remarkable comeback to end their autumn series with a nail-biting win over South Africa.

‚û° https://t.co/pXf‚Ä¶"
8,@BBCNews,Sat Dec 02 15:57:36 +0000 2017,0.0,0.0,1.0,0.0,"RT @BBCSport: Here are the half-time Premier League scores. How's your team getting on?
https://t.co/CZVS9P2SMe #bbcfootball https://t.co/U‚Ä¶"
9,@BBCNews,Sat Dec 02 15:29:08 +0000 2017,-0.296,0.0,0.789,0.211,RT @BBCNewsbeat: Motorway Martin: PC single-handedly stops van from falling off bridge https://t.co/TREilMlB8z https://t.co/19YLSTXTNO
10,@BBCNews,Sat Dec 02 15:02:01 +0000 2017,0.5106,0.32,0.68,0.0,Barclays axes free Kaspersky product as a 'precaution' https://t.co/hM5VoCy35a
11,@BBCNews,Sat Dec 02 14:28:13 +0000 2017,-0.5719,0.0,0.684,0.316,Whirlpool tumble dryers: MPs' anger as replacement ends https://t.co/DVZGbXlHPr
12,@BBCNews,Sat Dec 02 14:03:52 +0000 2017,0.4019,0.252,0.748,0.0,Chief vet defends support of larger hen cages https://t.co/d1PJYfW4ig
13,@BBCNews,Sat Dec 02 13:57:30 +0000 2017,0.0,0.0,1.0,0.0,RT @BBCScienceNews: Migraine is 'not just a headache' https://t.co/GjoF5Q29Qh
14,@BBCNews,Sat Dec 02 12:40:53 +0000 2017,-0.296,0.0,0.686,0.314,Motorway PC stops lorry from falling off bridge https://t.co/eoRnM2sCA1
15,@BBCNews,Sat Dec 02 12:40:52 +0000 2017,0.0258,0.19,0.657,0.152,RT @bbcstories: Errol‚Äôs a mechanic and prostate cancer survivor. Now he‚Äôs dedicated to getting as many other men diagnosed as he can. What‚Ä¶
16,@BBCNews,Sat Dec 02 12:23:57 +0000 2017,0.0,0.0,1.0,0.0,"Boy, 14, dies after being hit on M67 in Hyde https://t.co/zLciXH4tvM"
17,@BBCNews,Sat Dec 02 12:03:23 +0000 2017,0.2023,0.13,0.87,0.0,Ashes: Australia on top after day one of second Test in Adelaide https://t.co/n1IoUJJcVi
18,@BBCNews,Sat Dec 02 11:54:26 +0000 2017,0.34,0.107,0.893,0.0,"RT @5liveSport: That's close of play for Day 1 at Adelaide. 

Australia are 209-4. Get all the reaction from @Aggerscricket and @philtufnel‚Ä¶"
19,@BBCNews,Sat Dec 02 11:40:36 +0000 2017,-0.4939,0.0,0.887,0.113,RT @Moneybox: Do we still need cash machines? Some fear the numbers of ATMs could plummet over the next few years. We'll be discussing on M‚Ä¶
20,@BBCNews,Sat Dec 02 19:03:17 +0000 2017,-0.4019,0.0,0.748,0.252,Dalston bus ticket clash: Eight police officers injured https://t.co/IDBFyBXpzU
21,@BBCNews,Sat Dec 02 18:53:04 +0000 2017,0.4767,0.339,0.661,0.0,Children's commissioner may consider legal action over Universal Credit https://t.co/VBUgrOVaBF
22,@BBCNews,Sat Dec 02 18:01:06 +0000 2017,0.0,0.0,1.0,0.0,"RT @BBCSport: Half an hour gone.

Arsenal 0-2 Man Utd.

Liveüëâ https://t.co/KcWELiLlbu #ARSMUN https://t.co/52HL2bn4nW"
23,@BBCNews,Sat Dec 02 17:53:21 +0000 2017,0.0,0.0,1.0,0.0,"RT @bbcweather: Heading out this #SaturdayNight? It'll be generally cloudy, with a little patchy #rain for some. Ben R https://t.co/eCyp8BY‚Ä¶"
24,@BBCNews,Sat Dec 02 17:28:39 +0000 2017,-0.5994,0.0,0.804,0.196,RT @BBCNewsbeat: The family of 14-year-old Samuel Berkley say they are 'heartbroken' about his death  https://t.co/uwkibpisVX https://t.co/‚Ä¶
25,@BBCNews,Sat Dec 02 17:02:29 +0000 2017,0.0,0.0,1.0,0.0,RT @BBCSport: What a story for Hereford FC - they'll be in the #FACup third round draw https://t.co/QWHazTLw0a https://t.co/bzxXGK2a1C
26,@BBCNews,Sat Dec 02 16:55:38 +0000 2017,-0.2263,0.0,0.899,0.101,RT @BBCNewsbeat: Tangled tinsel and wonky trees: feast your eyes on the UK's dodgy Christmas displays https://t.co/HLVfpYXFIV https://t.co/‚Ä¶
27,@BBCNews,Sat Dec 02 16:48:36 +0000 2017,0.8934,0.416,0.584,0.0,"RT @BBCSport: Wales survived a remarkable comeback to end their autumn series with a nail-biting win over South Africa.

‚û° https://t.co/pXf‚Ä¶"
28,@BBCNews,Sat Dec 02 15:57:36 +0000 2017,0.0,0.0,1.0,0.0,"RT @BBCSport: Here are the half-time Premier League scores. How's your team getting on?
https://t.co/CZVS9P2SMe #bbcfootball https://t.co/U‚Ä¶"
29,@BBCNews,Sat Dec 02 15:29:08 +0000 2017,-0.296,0.0,0.789,0.211,RT @BBCNewsbeat: Motorway Martin: PC single-handedly stops van from falling off bridge https://t.co/TREilMlB8z https://t.co/19YLSTXTNO
30,@BBCNews,Sat Dec 02 15:02:01 +0000 2017,0.5106,0.32,0.68,0.0,Barclays axes free Kaspersky product as a 'precaution' https://t.co/hM5VoCy35a
31,@BBCNews,Sat Dec 02 14:28:13 +0000 2017,-0.5719,0.0,0.684,0.316,Whirlpool tumble dryers: MPs' anger as replacement ends https://t.co/DVZGbXlHPr
32,@BBCNews,Sat Dec 02 14:03:52 +0000 2017,0.4019,0.252,0.748,0.0,Chief vet defends support of larger hen cages https://t.co/d1PJYfW4ig
33,@BBCNews,Sat Dec 02 13:57:30 +0000 2017,0.0,0.0,1.0,0.0,RT @BBCScienceNews: Migraine is 'not just a headache' https://t.co/GjoF5Q29Qh
34,@BBCNews,Sat Dec 02 12:40:53 +0000 2017,-0.296,0.0,0.686,0.314,Motorway PC stops lorry from falling off bridge https://t.co/eoRnM2sCA1
35,@BBCNews,Sat Dec 02 12:40:52 +0000 2017,0.0258,0.19,0.657,0.152,RT @bbcstories: Errol‚Äôs a mechanic and prostate cancer survivor. Now he‚Äôs dedicated to getting as many other men diagnosed as he can. What‚Ä¶
36,@BBCNews,Sat Dec 02 12:23:57 +0000 2017,0.0,0.0,1.0,0.0,"Boy, 14, dies after being hit on M67 in Hyde https://t.co/zLciXH4tvM"
37,@BBCNews,Sat Dec 02 12:03:23 +0000 2017,0.2023,0.13,0.87,0.0,Ashes: Australia on top after day one of second Test in Adelaide https://t.co/n1IoUJJcVi
38,@BBCNews,Sat Dec 02 11:54:26 +0000 2017,0.34,0.107,0.893,0.0,"RT @5liveSport: That's close of play for Day 1 at Adelaide. 

Australia are 209-4. Get all the reaction from @Aggerscricket and @philtufnel‚Ä¶"
39,@BBCNews,Sat Dec 02 11:40:36 +0000 2017,-0.4939,0.0,0.887,0.113,RT @Moneybox: Do we still need cash machines? Some fear the numbers of ATMs could plummet over the next few years. We'll be discussing on M‚Ä¶
40,@BBCNews,Sat Dec 02 11:31:35 +0000 2017,0.0,0.0,1.0,0.0,"RT @BBCBusiness: What do unicorns, zebras, sharks and bees have to do with your money? Explore our full A-Z Business Beasts guide here: htt‚Ä¶"
41,@BBCNews,Sat Dec 02 11:02:15 +0000 2017,0.0,0.0,1.0,0.0,New heart for eight-week-old Charlie Douthwaite https://t.co/LY2qmXZiKl
42,@BBCNews,Sat Dec 02 11:02:15 +0000 2017,0.0,0.0,1.0,0.0,Rugby League World Cup: Australia edge out England to retain trophy https://t.co/qeNcrUUzSv
43,@BBCNews,Sat Dec 02 10:53:36 +0000 2017,0.25,0.216,0.625,0.159,"RT @BBCSport: Australia have beaten England to win the #RLWC2017. 

‚û° https://t.co/EwfAqAMrNc #bbcrl https://t.co/pl1rVA7gIx"
44,@BBCNews,Sat Dec 02 10:41:12 +0000 2017,0.0,0.0,1.0,0.0,"RT @BBCSport: WHAT A GAME THIS IS! üôå 

10 minutes to go and it could still go either way.

Latest: Australia 6-0 England

Live ‚û° https://t.‚Ä¶"
45,@BBCNews,Sat Dec 02 10:19:18 +0000 2017,0.3384,0.098,0.902,0.0,"RT @BBCSport: One thing Australia have done really well in this tournament is be patient, they're continuing with that theme in the #RLWC20‚Ä¶"
46,@BBCNews,Sat Dec 02 10:19:06 +0000 2017,0.0,0.0,1.0,0.0,"RT @bbctms: WICKET!

Overton takes his first Test wicket and it's Australian captain Steve Smith.

#Ashes
#bbccricket 

Live text &amp; @bbctms‚Ä¶"
47,@BBCNews,Sat Dec 02 10:14:46 +0000 2017,0.0,0.0,1.0,0.0,Car hits pedestrians after Brixton 'altercation' https://t.co/OVUOMYqn15
48,@BBCNews,Sat Dec 02 09:57:33 +0000 2017,-0.4215,0.0,0.808,0.192,"RT @BBCSport: The errors proved costly for @England_RL in the first half. 

Live ‚û° https://t.co/EwfAqAMrNc #bbcrl #RLWC2017 #bbcrl https://‚Ä¶"
49,@BBCNews,Sat Dec 02 08:56:42 +0000 2017,-0.1531,0.0,0.929,0.071,"RT @BBCSport: England will be missing captain Sean O'Loughlin... but they always have Sam Burgess. 

Follow the #RLWC2017 final live on @BB‚Ä¶"
50,@BBCNews,Sat Dec 02 08:42:22 +0000 2017,-0.0752,0.131,0.708,0.161,David Cameron: We 'didn't solve' dementia cost challenge https://t.co/r5VXe0eut4
51,@BBCNews,Sat Dec 02 08:38:13 +0000 2017,0.34,0.094,0.906,0.0,"RT @BBCSteveR: Nizhny Novgorod, where England will play Panama in the World Cup, used to be closed to foreigners. What can visiting fans ex‚Ä¶"
52,@BBCNews,Sat Dec 02 08:18:36 +0000 2017,0.0,0.0,1.0,0.0,"RT @BBCSport: If you're just waking up how about #Ashes with your breakfast

#bbcricket

üèè Live text &amp; @bbctms : https://t.co/GvwGalXjwe ht‚Ä¶"
53,@BBCNews,Sat Dec 02 08:02:35 +0000 2017,0.0,0.0,1.0,0.0,"RT @BBCBusiness: It's a jungle out there in the finance world and we're on a safari. Over the next month, we'll be posting our A-Z of Busin‚Ä¶"
54,@BBCNews,Sat Dec 02 07:04:42 +0000 2017,0.0,0.0,1.0,0.0,New archbishop wants to 'refresh' Church in Wales https://t.co/5y5xr6klgf
55,@BBCNews,Sat Dec 02 05:40:17 +0000 2017,-0.802,0.0,0.581,0.419,Newark: Culture focus to change 'worst town to be poor' label https://t.co/W2MIqL4396
56,@BBCNews,Sat Dec 02 04:52:33 +0000 2017,0.0,0.0,1.0,0.0,Damian Green porn claims 'flagrant police breach' https://t.co/gAgB8UyH3x
57,@BBCNews,Sat Dec 02 02:36:05 +0000 2017,-0.9001,0.0,0.353,0.647,Murderer William Kerr arrested after absconding from prison https://t.co/Jd0x6rbl5c
58,@BBCNews,Sat Dec 02 02:22:06 +0000 2017,-0.6486,0.0,0.699,0.301,Five Northampton cat deaths linked to 'Croydon cat killer' probe https://t.co/0HG27KdQMD
59,@BBCNews,Sat Dec 02 01:20:51 +0000 2017,-0.6808,0.0,0.635,0.365,Murderer William Kerr absconds from HMP Hollesley Bay https://t.co/4fREPvM2Kr
60,@BBCNews,Sat Dec 02 01:05:54 +0000 2017,0.0,0.0,1.0,0.0,My brain 'exploded' after kick in the head https://t.co/i4VSEqGRxL
61,@BBCNews,Sat Dec 02 01:05:54 +0000 2017,-0.5859,0.0,0.648,0.352,Pupils' diaries convict Hampshire sex assault teacher https://t.co/VNcF6cDJcY
62,@BBCNews,Sat Dec 02 01:02:22 +0000 2017,0.25,0.222,0.778,0.0,Minister calls for minimum banking services guarantee https://t.co/FOd505qJDU
63,@BBCNews,Fri Dec 01 23:54:29 +0000 2017,0.0,0.0,1.0,0.0,How much of your salary is spent on rent? https://t.co/Be73VnTgOH
64,@BBCNews,Fri Dec 01 23:50:33 +0000 2017,-0.6249,0.0,0.579,0.421,Woman arrested after toddler found alone in Wigan https://t.co/FYaIq5uTX8
65,@BBCNews,Fri Dec 01 22:34:03 +0000 2017,0.0,0.0,1.0,0.0,"Saturday's Times: ""Cabinet split over Green after police porn claims"" #tomorrowspaperstoday #BBCpapers (via‚Ä¶ https://t.co/AlosgmD4Xy"
66,@BBCNews,Fri Dec 01 22:14:59 +0000 2017,-0.6908,0.0,0.701,0.299,"Saturday's Daily Star: ""Murder on the dancefloor"" #tomorrowspaperstoday #BBCpapers (via @hendopolis) https://t.co/KCpP3eOKrT"
67,@BBCNews,Fri Dec 01 22:14:54 +0000 2017,0.0,0.0,1.0,0.0,"Saturday's Daily Telegraph: ""Trump aide turns informer in Russia case"" #tomorrowspaperstoday #BBCpapers (via‚Ä¶ https://t.co/tO6AJTr0p0"
68,@BBCNews,Fri Dec 01 22:14:54 +0000 2017,0.0,0.0,1.0,0.0,"Saturday's Sun: ""Mega star!"" #tomorrowspaperstoday #BBCpapers (via @hendopolis) https://t.co/Pso8PxvKmW"
69,@BBCNews,Fri Dec 01 22:14:49 +0000 2017,0.0,0.0,1.0,0.0,"Saturday's Daily Mirror: ""The minister for porn"" #tomorrowspaperstoday #BBCpapers (via @hendopolis) https://t.co/tspV9KaKMQ"
70,@BBCNews,Fri Dec 01 22:10:39 +0000 2017,-0.34,0.0,0.745,0.255,Kaspersky Labs: Warning over Russian anti-virus software https://t.co/G1t6ShDKYD
71,@BBCNews,Fri Dec 01 22:01:08 +0000 2017,0.0,0.0,1.0,0.0,RT @BBCSport: ‚ö°Ô∏è ‚ÄúThe World Cup draw: a very English reaction‚Äù https://t.co/iYCNNnUo2K
72,@BBCNews,Fri Dec 01 22:00:47 +0000 2017,0.25,0.069,0.931,0.0,"RT @BBCSport: FT AFC Fylde 1-1 Wigan

Both teams are still in the hat and in with a chance of landing a draw against the big boys in the th‚Ä¶"
73,@BBCNews,Fri Dec 01 22:00:43 +0000 2017,0.4404,0.132,0.868,0.0,"RT @BBCSportWales: FT: #CardiffCity 3-1 Norwich 

The Bluebirds close the gap to leaders Wolverhampton Wanderers to just a point thanks to‚Ä¶"
74,@BBCNews,Fri Dec 01 22:00:37 +0000 2017,0.0,0.0,1.0,0.0,"RT @BBCSport: FT Leeds 1-1 Aston Villa 

Henri Lansbury earns #AVFC a point against #LUFC in an even game at Elland Road https://t.co/xYzkq‚Ä¶"
75,@BBCNews,Fri Dec 01 21:52:28 +0000 2017,-0.5994,0.0,0.769,0.231,"Saturday's Daily Mail: ""Tories at war with the police"" #tomorrowspaperstoday #BBCpapers (via @hendopolis) https://t.co/CHBtQEuIsx"
76,@BBCNews,Fri Dec 01 21:52:24 +0000 2017,-0.7906,0.0,0.682,0.318,"Saturday's i weekend: ""Davis threat to quit if deputy PM is fired over porn"" #tomorrowspaperstoday #BBCpapers (via‚Ä¶ https://t.co/Pl2D7PPP5s"
77,@BBCNews,Fri Dec 01 21:52:22 +0000 2017,-0.7351,0.0,0.659,0.341,"Saturday's Financial Times Weekend: ""Flynn pleads guilty to lying over Russian ties"" #tomorrowspaperstoday‚Ä¶ https://t.co/VcLETDikrA"
78,@BBCNews,Fri Dec 01 20:57:57 +0000 2017,0.4588,0.188,0.812,0.0,Prince Harry and Meghan Markle complete first joint public engagement since... their engagement‚Ä¶ https://t.co/2Ohm4KHBSL
79,@BBCNews,Fri Dec 01 20:57:27 +0000 2017,0.0,0.0,1.0,0.0,Toys R Us prepares to shut 25 stores https://t.co/merUbSymON
80,@BBCNews,Fri Dec 01 20:53:53 +0000 2017,0.0,0.0,1.0,0.0,RT @bbcweather: What's the #weekend got in store? The forecast for the next 48 hours squeezed into 60 seconds. Get your local detail here h‚Ä¶
81,@BBCNews,Fri Dec 01 20:06:23 +0000 2017,0.4019,0.139,0.861,0.0,"RT @BBCSteveR: Want to know more about Volgograd, where England play their opening World Cup match next June? It has one of the world's tal‚Ä¶"
82,@BBCNews,Fri Dec 01 20:05:53 +0000 2017,0.0,0.0,1.0,0.0,"RT @BBC_HaveYourSay: ""I will have a 70-mile round trip now"" - the lengths people say they'll have to go to with bank branch closures on the‚Ä¶"
83,@BBCNews,Fri Dec 01 20:02:31 +0000 2017,-0.8074,0.0,0.451,0.549,'Suicide pact' trial: Natasha Gordon found guilty https://t.co/SNUs60mMRt
84,@BBCNews,Fri Dec 01 19:31:53 +0000 2017,0.4215,0.259,0.741,0.0,"RT @BBCWorld: Artist rescued after not-so-great 'escape'

https://t.co/cKQrURtq69 https://t.co/RvVwXigmkY"
85,@BBCNews,Fri Dec 01 18:37:43 +0000 2017,-0.5267,0.0,0.793,0.207,RT @BBCBusiness: RBS is closing branches. Is your nearest one under threat? https://t.co/qvmDLB6f0W https://t.co/t1AYd5l92u
86,@BBCNews,Fri Dec 01 17:49:56 +0000 2017,0.0,0.0,1.0,0.0,Supermarkets 'raise the price of Christmas biscuits' https://t.co/QmYmXwu7wQ
87,@BBCNews,Fri Dec 01 17:29:17 +0000 2017,0.3182,0.108,0.892,0.0,"Any UK offer to deal with Irish border after #Brexit must be acceptable to Ireland, EU's Donald Tusk says‚Ä¶ https://t.co/u4QkhRddYq"
88,@BBCNews,Fri Dec 01 17:27:37 +0000 2017,0.3182,0.247,0.753,0.0,Brexit offer 'must be acceptable to Ireland' https://t.co/GZV3URQgd4
89,@BBCNews,Fri Dec 01 17:15:34 +0000 2017,0.2263,0.083,0.917,0.0,"Irish PM says he's prepared to ""stand firm"" with EU partners if UK offer ""falls short"" on key #Brexit issues ‚Äì incl‚Ä¶ https://t.co/2S9QEcTg29"
90,@BBCNews,Fri Dec 01 16:52:11 +0000 2017,0.0,0.0,1.0,0.0,SNP MP rebuked for calling Lords 'ermine vermin' https://t.co/orzcbYNMsP
91,@BBCNews,Fri Dec 01 16:49:53 +0000 2017,0.0,0.0,1.0,0.0,RT @bbclaurak: Apparently in fact the PM herself does NOT have the final Green report
92,@BBCNews,Fri Dec 01 16:31:25 +0000 2017,0.0,0.0,1.0,0.0,"RT @BBCSport: Fixtures ‚úÖ
Times ‚úÖ
Place ‚úÖ

Plan your 2018 Fifa #WorldCup here üëâ https://t.co/ZP8c002zey #WorldCupDraw #bbcfootball https://t‚Ä¶"
93,@BBCNews,Fri Dec 01 16:31:01 +0000 2017,0.0,0.0,1.0,0.0,RT @bbclaurak: Damian Green now heading back to constituency - understand he has not seen contents of report but the PM now has it - source‚Ä¶
94,@BBCNews,Fri Dec 01 16:15:29 +0000 2017,0.34,0.179,0.821,0.0,"World Cup draw: England play Belgium, Panama and Tunisia in Group G https://t.co/fCHlqcnS8d"
95,@BBCNews,Fri Dec 01 16:14:25 +0000 2017,0.0,0.0,1.0,0.0,"RT @BBCSport: Here it is - the 2018 Fifa #WorldCupDraw in full.

Live reaction üëâ https://t.co/XhMcEMjVJd

#bbcfootball https://t.co/0VuT9eD‚Ä¶"
96,@BBCNews,Fri Dec 01 16:03:34 +0000 2017,0.0,0.0,1.0,0.0,"RT @BBCSport: Here's how Group G looks for the 2018 Fifa World Cup.

Live reaction üëâ https://t.co/XhMcEMjVJd #WorldCupDraw #bbcfootball htt‚Ä¶"
97,@BBCNews,Fri Dec 01 15:43:39 +0000 2017,0.0,0.0,1.0,0.0,"RT @BBCSport: Group G

üáßüá™ Belgium
üè¥Û†ÅßÛ†Å¢Û†Å•Û†ÅÆÛ†ÅßÛ†Åø England

Follow live:

üì∫ @BBCTwo
üìª @bbc5live
üì± https://t.co/XhMcEMjVJd

#WorldCupDraw #bbcfootball"
98,@BBCNews,Fri Dec 01 15:43:11 +0000 2017,0.6355,0.32,0.68,0.0,"RT @BBC_HaveYourSay: ""I can't stop laughing...this is making fun of our intelligence.""
https://t.co/7wbOXilh34"
99,@BBCNews,Fri Dec 01 15:27:37 +0000 2017,0.0,0.0,1.0,0.0,"RT @BBCSport: The 2018 Fifa #WorldCupDraw is moments away ‚öΩÔ∏è

Follow live coverage üëâ https://t.co/XhMcEMjVJd

Tweet us #bbcfootball https:/‚Ä¶"
100,@CBSNews,Sat Dec 02 20:55:21 +0000 2017,0.3818,0.115,0.885,0.0,"""We are focused on delivering a newscast powered by reporting and writing that will get to the heart of the issues‚Ä¶ https://t.co/nSvY7XD3Yh"
101,@CBSNews,Sat Dec 02 20:35:01 +0000 2017,0.4939,0.138,0.862,0.0,A British police officer has been praised for grabbing hold of a van as it dangled on an icy bridge over a highway‚Ä¶ https://t.co/th3z6BUIbj
102,@CBSNews,Sat Dec 02 20:15:01 +0000 2017,0.0,0.0,1.0,0.0,More than 200 pounds of unclaimed contraband bologna was seized at U.S.-Mexico border this week:‚Ä¶ https://t.co/uFHL9ZxYr4
103,@CBSNews,Sat Dec 02 19:55:01 +0000 2017,0.0,0.0,1.0,0.0,The White House is finalizing plans for President Trump to announce that the U.S. will recognize Jerusalem as the c‚Ä¶ https://t.co/eRtoIxExIv
104,@CBSNews,Sat Dec 02 19:35:01 +0000 2017,0.0,0.0,1.0,0.0,"For more than 20 years, the band Spoon has been a staple of the indie rock circuit, blending rock, pop and punk:‚Ä¶ https://t.co/C6pRhJVjWB"
105,@CBSNews,Sat Dec 02 18:55:02 +0000 2017,0.2023,0.131,0.777,0.092,An FBI agent suspected of sending anti-Trump texts has been removed from special counsel Robert Mueller's team‚Ä¶ https://t.co/dSPLShCTBY
106,@CBSNews,Sat Dec 02 18:35:00 +0000 2017,0.5719,0.198,0.802,0.0,"Andy Weir, the author of ""The Martian,"" is happy to remain an ""earthbound misfit""
https://t.co/Ka9b8nU6wq https://t.co/Mb4VFsySTC"
107,@CBSNews,Sat Dec 02 18:15:01 +0000 2017,-0.7351,0.0,0.754,0.246,"President Trump says he fired Michael Flynn because he lied to VP Pence and  FBI, insists there's ""nothing to hide""‚Ä¶ https://t.co/ZPMroHl24z"
108,@CBSNews,Sat Dec 02 17:55:01 +0000 2017,0.1779,0.12,0.788,0.091,Missing Florida teenager who police said was with 27-year-old high school soccer coach has been found safe in New Y‚Ä¶ https://t.co/88bxQJBDCM
109,@CBSNews,Sat Dec 02 17:35:01 +0000 2017,0.0,0.0,1.0,0.0,"Tax reform bill: What's in the final version passed by the Senate early Saturday?
https://t.co/sbbMrAuxAE https://t.co/FQEPeIog5l"
110,@CBSNews,Sat Dec 02 17:19:32 +0000 2017,-0.6124,0.0,0.808,0.192,"NEW: President Trump speaks out on Michael Flynn, says he ""had to fire General Flynn because he lied to the Vice Pr‚Ä¶ https://t.co/weVVAfOlHo"
111,@CBSNews,Sat Dec 02 17:15:01 +0000 2017,0.0,0.0,1.0,0.0,"This week, archaeologists unearthed part of one of the 21 sphinxes Cecil B. DeMille left behind after wrapping up f‚Ä¶ https://t.co/rqTCpaOVux"
112,@CBSNews,Sat Dec 02 16:55:02 +0000 2017,0.25,0.1,0.9,0.0,"Proponents claim the Senate GOP tax plan would ""directly benefit"" all Americans, but how people would actually make‚Ä¶ https://t.co/WDsQyA4T6H"
113,@CBSNews,Sat Dec 02 16:35:01 +0000 2017,0.3612,0.122,0.878,0.0,"Jesse Ventura and the estate of ""American Sniper"" author Chris Kyle agree to dismiss the former Minnesota governor'‚Ä¶ https://t.co/jz7Xvf6MEC"
114,@CBSNews,Sat Dec 02 16:15:01 +0000 2017,-0.5859,0.0,0.798,0.202,"The remains of a missing Army veteran and her dog were found in a shallow grave after a tip from her ex-husband, po‚Ä¶ https://t.co/btNUdTMfmx"
115,@CBSNews,Sat Dec 02 15:55:02 +0000 2017,0.0,0.0,1.0,0.0,"A white nationalist group set up a memorial for Kate Steinle near where she was shot, decorating it with flowers, c‚Ä¶ https://t.co/6UQ8z9ot2Z"
116,@CBSNews,Sat Dec 02 15:35:55 +0000 2017,-0.296,0.0,0.872,0.128,The Senate narrowly passed Republicans' tax reform legislation early Saturday morning with no Democratic support:‚Ä¶ https://t.co/0dtDL2AOs6
117,@CBSNews,Sat Dec 02 15:16:01 +0000 2017,-0.6478,0.0,0.739,0.261,"President Trump reacts to Michael Flynn's guilty plea, says there was ""absolutely no collusion"" with Russia‚Ä¶ https://t.co/uLOmLVfoX6"
118,@CBSNews,Sat Dec 02 14:55:01 +0000 2017,0.0,0.0,1.0,0.0,"The first baby born from a uterus transplant in the U.S. has been delivered in Texas:
https://t.co/5i0f6j2ZB7 https://t.co/c5y0gC69yQ"
119,@CBSNews,Sat Dec 02 14:35:01 +0000 2017,-0.7579,0.0,0.723,0.277,Investigators in North Carolina say a missing 3-year-old girl is believed to be dead; her mother's boyfriend has be‚Ä¶ https://t.co/NgFAD6PWrb
120,@CBSNews,Sat Dec 02 20:55:21 +0000 2017,0.3818,0.115,0.885,0.0,"""We are focused on delivering a newscast powered by reporting and writing that will get to the heart of the issues‚Ä¶ https://t.co/nSvY7XD3Yh"
121,@CBSNews,Sat Dec 02 20:35:01 +0000 2017,0.4939,0.138,0.862,0.0,A British police officer has been praised for grabbing hold of a van as it dangled on an icy bridge over a highway‚Ä¶ https://t.co/th3z6BUIbj
122,@CBSNews,Sat Dec 02 20:15:01 +0000 2017,0.0,0.0,1.0,0.0,More than 200 pounds of unclaimed contraband bologna was seized at U.S.-Mexico border this week:‚Ä¶ https://t.co/uFHL9ZxYr4
123,@CBSNews,Sat Dec 02 19:55:01 +0000 2017,0.0,0.0,1.0,0.0,The White House is finalizing plans for President Trump to announce that the U.S. will recognize Jerusalem as the c‚Ä¶ https://t.co/eRtoIxExIv
124,@CBSNews,Sat Dec 02 19:35:01 +0000 2017,0.0,0.0,1.0,0.0,"For more than 20 years, the band Spoon has been a staple of the indie rock circuit, blending rock, pop and punk:‚Ä¶ https://t.co/C6pRhJVjWB"
125,@CBSNews,Sat Dec 02 18:55:02 +0000 2017,0.2023,0.131,0.777,0.092,An FBI agent suspected of sending anti-Trump texts has been removed from special counsel Robert Mueller's team‚Ä¶ https://t.co/dSPLShCTBY
126,@CBSNews,Sat Dec 02 18:35:00 +0000 2017,0.5719,0.198,0.802,0.0,"Andy Weir, the author of ""The Martian,"" is happy to remain an ""earthbound misfit""
https://t.co/Ka9b8nU6wq https://t.co/Mb4VFsySTC"
127,@CBSNews,Sat Dec 02 18:15:01 +0000 2017,-0.7351,0.0,0.754,0.246,"President Trump says he fired Michael Flynn because he lied to VP Pence and  FBI, insists there's ""nothing to hide""‚Ä¶ https://t.co/ZPMroHl24z"
128,@CBSNews,Sat Dec 02 17:55:01 +0000 2017,0.1779,0.12,0.788,0.091,Missing Florida teenager who police said was with 27-year-old high school soccer coach has been found safe in New Y‚Ä¶ https://t.co/88bxQJBDCM
129,@CBSNews,Sat Dec 02 17:35:01 +0000 2017,0.0,0.0,1.0,0.0,"Tax reform bill: What's in the final version passed by the Senate early Saturday?
https://t.co/sbbMrAuxAE https://t.co/FQEPeIog5l"
130,@CBSNews,Sat Dec 02 17:19:32 +0000 2017,-0.6124,0.0,0.808,0.192,"NEW: President Trump speaks out on Michael Flynn, says he ""had to fire General Flynn because he lied to the Vice Pr‚Ä¶ https://t.co/weVVAfOlHo"
131,@CBSNews,Sat Dec 02 17:15:01 +0000 2017,0.0,0.0,1.0,0.0,"This week, archaeologists unearthed part of one of the 21 sphinxes Cecil B. DeMille left behind after wrapping up f‚Ä¶ https://t.co/rqTCpaOVux"
132,@CBSNews,Sat Dec 02 16:55:02 +0000 2017,0.25,0.1,0.9,0.0,"Proponents claim the Senate GOP tax plan would ""directly benefit"" all Americans, but how people would actually make‚Ä¶ https://t.co/WDsQyA4T6H"
133,@CBSNews,Sat Dec 02 16:35:01 +0000 2017,0.3612,0.122,0.878,0.0,"Jesse Ventura and the estate of ""American Sniper"" author Chris Kyle agree to dismiss the former Minnesota governor'‚Ä¶ https://t.co/jz7Xvf6MEC"
134,@CBSNews,Sat Dec 02 16:15:01 +0000 2017,-0.5859,0.0,0.798,0.202,"The remains of a missing Army veteran and her dog were found in a shallow grave after a tip from her ex-husband, po‚Ä¶ https://t.co/btNUdTMfmx"
135,@CBSNews,Sat Dec 02 15:55:02 +0000 2017,0.0,0.0,1.0,0.0,"A white nationalist group set up a memorial for Kate Steinle near where she was shot, decorating it with flowers, c‚Ä¶ https://t.co/6UQ8z9ot2Z"
136,@CBSNews,Sat Dec 02 15:35:55 +0000 2017,-0.296,0.0,0.872,0.128,The Senate narrowly passed Republicans' tax reform legislation early Saturday morning with no Democratic support:‚Ä¶ https://t.co/0dtDL2AOs6
137,@CBSNews,Sat Dec 02 15:16:01 +0000 2017,-0.6478,0.0,0.739,0.261,"President Trump reacts to Michael Flynn's guilty plea, says there was ""absolutely no collusion"" with Russia‚Ä¶ https://t.co/uLOmLVfoX6"
138,@CBSNews,Sat Dec 02 14:55:01 +0000 2017,0.0,0.0,1.0,0.0,"The first baby born from a uterus transplant in the U.S. has been delivered in Texas:
https://t.co/5i0f6j2ZB7 https://t.co/c5y0gC69yQ"
139,@CBSNews,Sat Dec 02 14:35:01 +0000 2017,-0.7579,0.0,0.723,0.277,Investigators in North Carolina say a missing 3-year-old girl is believed to be dead; her mother's boyfriend has be‚Ä¶ https://t.co/NgFAD6PWrb
140,@CBSNews,Sat Dec 02 14:15:02 +0000 2017,0.0,0.0,1.0,0.0,The Senate narrowly passed Republicans' tax reform legislation just before 2 a.m. ET; the bill next heads to confer‚Ä¶ https://t.co/VVY3UBSYiR
141,@CBSNews,Sat Dec 02 14:03:04 +0000 2017,-0.7906,0.0,0.533,0.467,Report faults law enforcement at violent Charlottesville rally https://t.co/tUGOqLz7qj https://t.co/OReSE7oNoQ
142,@CBSNews,Sat Dec 02 13:48:06 +0000 2017,0.0772,0.115,0.885,0.0,Feds want to seize Martin Shkreli's Wu-Tang Clan album https://t.co/GQIL3hPM7S https://t.co/I19hsoeiV5
143,@CBSNews,Sat Dec 02 13:38:32 +0000 2017,-0.8625,0.0,0.639,0.361,Investigators in North Carolina say a missing 3-year-old girl is believed to be dead and have arrested a man in con‚Ä¶ https://t.co/Cifh020qbl
144,@CBSNews,Sat Dec 02 13:33:05 +0000 2017,-0.5423,0.153,0.438,0.409,Accusers face risks when violating nondisclosure agreements https://t.co/rfpfWPKXD0 https://t.co/YGtomyn5h5
145,@CBSNews,Sat Dec 02 13:18:08 +0000 2017,0.0,0.0,1.0,0.0,Tesla turns on world's biggest lithium-ion battery https://t.co/2IhJx81HCz https://t.co/r54QPY4hBL
146,@CBSNews,Sat Dec 02 13:03:05 +0000 2017,-0.4215,0.0,0.763,0.237,Ex-Oklahoma lawmaker pleads guilty to child sex trafficking https://t.co/UWmL2RvEgF https://t.co/xlq2gSjc0c
147,@CBSNews,Sat Dec 02 12:48:03 +0000 2017,-0.4753,0.0,0.829,0.171,"Hecklers yell ""Lock him up!"" as Michael Flynn leaves courthouse after making guilty plea https://t.co/2oVFmijMJy https://t.co/P1iX721fVV"
148,@CBSNews,Sat Dec 02 12:33:05 +0000 2017,-0.7579,0.0,0.629,0.371,"Thieves steal toys, clothes, tools from Salvation Army warehouse in Baltimore https://t.co/0VpqHRR7K5 https://t.co/p1yf1Eq952"
149,@CBSNews,Sat Dec 02 12:18:08 +0000 2017,0.5719,0.198,0.802,0.0,"McDonald's manager who tipped cops off in Tampa slayings case to receive $110,000 reward https://t.co/ngUxzghA85 https://t.co/DRhXv13IOO"
150,@CBSNews,Sat Dec 02 12:03:06 +0000 2017,0.0,0.0,1.0,0.0,"Netflix announces third season of ""Stranger Things"" https://t.co/W1ylQbMSGf https://t.co/ZSCXUIWWz9"
151,@CBSNews,Sat Dec 02 11:48:06 +0000 2017,-0.4019,0.168,0.559,0.273,"Lung cancer drug targets ""hidden"" HIV in promising case https://t.co/AZrRvTrWZC https://t.co/BLS8d9hSMr"
152,@CBSNews,Sat Dec 02 11:33:05 +0000 2017,-0.296,0.0,0.82,0.18,Mariah Woods: Search continues for missing North Carolina 3-year-old https://t.co/TKC1eHwgVq https://t.co/AUO1LunHZO
153,@CBSNews,Sat Dec 02 11:18:07 +0000 2017,-0.25,0.108,0.723,0.169,Former NSA employee pleads guilty to keeping top secret info at home https://t.co/AxZNwjWcjP https://t.co/KaBtYnPUR3
154,@CBSNews,Sat Dec 02 11:03:05 +0000 2017,0.4939,0.211,0.789,0.0,Bitcoin exchange Coinbase ordered to hand over customer data to IRS https://t.co/ONnpG13i58 https://t.co/T1WXnJKJMh
155,@CBSNews,Sat Dec 02 10:48:05 +0000 2017,-0.0772,0.162,0.659,0.18,American Airlines pilots to cover flights after glitch threatened holiday travel https://t.co/eyf4lSW0wX https://t.co/I8uL8UInx7
156,@CBSNews,Sat Dec 02 10:33:05 +0000 2017,-0.7964,0.0,0.552,0.448,"Pelosi, DCCC chairman call for congressman accused of harassment to resign https://t.co/VNiRymB9M5 https://t.co/FmG1J5FArA"
157,@CBSNews,Sat Dec 02 10:18:07 +0000 2017,0.3818,0.178,0.822,0.0,Drug treatment court judge helps Minnesota woman turn her life around https://t.co/2vxLxQS0FB https://t.co/o2WbtOoBGf
158,@CBSNews,Sat Dec 02 10:03:05 +0000 2017,-0.4754,0.0,0.774,0.226,"Analysis: Mueller investigation ""should make you very nervous"" if you have something to hide https://t.co/Rkg2ecm47z https://t.co/yfYQF5rO7g"
159,@CBSNews,Sat Dec 02 09:48:05 +0000 2017,-0.3612,0.0,0.828,0.172,"NBC News chief says network is investigating Matt Lauer's ""appalling behavior"" https://t.co/0HEdPJvndr https://t.co/27DHufbbYi"
160,@CBSNews,Sat Dec 02 09:33:04 +0000 2017,0.0,0.0,1.0,0.0,"Mike Flynn says he takes ""full responsibility"" for his actions https://t.co/PCbqQMTwF7 https://t.co/j7aldVzMAp"
161,@CBSNews,Sat Dec 02 09:18:08 +0000 2017,-0.4588,0.0,0.714,0.286,"Navy commander sentenced for role in ""Fat Leonard"" bribery scandal https://t.co/c5rLemxhoV https://t.co/90IiGDy0cX"
162,@CBSNews,Sat Dec 02 09:03:04 +0000 2017,-0.5859,0.0,0.696,0.304,"Remains of missing Army vet, dog found in shallow grave, police say https://t.co/801jVc1q2B"
163,@CBSNews,Sat Dec 02 08:48:06 +0000 2017,0.0,0.0,1.0,0.0,"White nationalist group set up memorial to Kate Steinle, slain in 2015 San Francisco pier shooting‚Ä¶ https://t.co/BYhg0dlP2K"
164,@CBSNews,Sat Dec 02 08:33:05 +0000 2017,0.0,0.0,1.0,0.0,Senate passes Republican tax bill https://t.co/IZhG6dyvWe https://t.co/otMQf3AGRI
165,@CBSNews,Sat Dec 02 08:23:11 +0000 2017,-0.4019,0.0,0.769,0.231,Could early balding signal heart trouble in men? https://t.co/OedoPn19t7 https://t.co/LnX6LdRkRo
166,@CBSNews,Sat Dec 02 08:03:05 +0000 2017,0.4939,0.211,0.789,0.0,Bitcoin exchange Coinbase ordered to hand over customer data to IRS https://t.co/LPpaLH93uW https://t.co/8NpwVRcV1S
167,@CBSNews,Sat Dec 02 07:48:05 +0000 2017,-0.8271,0.0,0.588,0.412,"Man threatened to kill U.S. congressman over net neutrality, officials say https://t.co/NMbaFGfmvu https://t.co/0LB6rU444E"
168,@CBSNews,Sat Dec 02 07:33:05 +0000 2017,0.1531,0.138,0.862,0.0,"Pope Francis says ""Rohingya"" in emotional encounter with refugees https://t.co/AGmmh7mSZI https://t.co/TlCPh48Q2V"
169,@CBSNews,Sat Dec 02 07:18:06 +0000 2017,0.3612,0.172,0.828,0.0,Comedy legend Carol Burnett looks back on her groundbreaking variety show https://t.co/gfljCPyVhi https://t.co/rEM7BGGKf2
170,@CBSNews,Sat Dec 02 07:03:05 +0000 2017,-0.5423,0.0,0.774,0.226,Barnes &amp; Noble's sales hit by the curse of Harry Potter https://t.co/uAMNjeEolk https://t.co/gUqv8M5gtG
171,@CBSNews,Sat Dec 02 06:58:04 +0000 2017,0.5859,0.275,0.725,0.0,Senate passes GOP tax bill in a much-needed legislative win https://t.co/XOZbyJpcKX https://t.co/a1s9nsYPZ8
172,@CBSNews,Sat Dec 02 06:48:06 +0000 2017,-0.802,0.0,0.676,0.324,Law enforcement's response to a violent white nationalist rally in Charlottesville last summer failed on multiple f‚Ä¶ https://t.co/DeCywQlQBe
173,@CBSNews,Sat Dec 02 06:33:05 +0000 2017,-0.6369,0.0,0.658,0.342,NCAA slaps Ole Miss football program with two-year bowl ban https://t.co/7YeQdq8iGw https://t.co/7QoaiQ0vLg
174,@CBSNews,Sat Dec 02 06:18:06 +0000 2017,-0.5423,0.0,0.811,0.189,"Rep. Blake Farenthold's $84,000 sexual harassment settlement was paid using taxpayer funds, CBS News confirms‚Ä¶ https://t.co/u8gxuYewii"
175,@CBSNews,Sat Dec 02 06:16:10 +0000 2017,0.0,0.0,1.0,0.0,White nationalist group set up memorial to Kate Steinle https://t.co/bYVojLQ77W https://t.co/0iiuTOGOQy
176,@CBSNews,Sat Dec 02 06:03:06 +0000 2017,0.0,0.0,1.0,0.0,How 5 different households would fare under the Senate tax bill https://t.co/egKqbKbCVk https://t.co/IVHcL74QOr
177,@CBSNews,Sat Dec 02 05:48:05 +0000 2017,-0.7351,0.0,0.677,0.323,Hunter charged with manslaughter after killing woman he claims he mistook for a deer https://t.co/gCjrVCba2A https://t.co/vGU0FOVs9A
178,@CBSNews,Sat Dec 02 05:33:05 +0000 2017,0.0,0.0,1.0,0.0,"Indicted ex-Baltimore cop set up slain officer to find drugs in 2010, officials say https://t.co/4iKGwjokbZ https://t.co/QpF9NI7RxH"
179,@CBSNews,Sat Dec 02 05:18:07 +0000 2017,-0.0772,0.0,0.92,0.08,Geraldo Rivera is apologizing for a memoir published a quarter-century ago that recounts sexual experiences; he apo‚Ä¶ https://t.co/cNMCW5sT1x
180,@CBSNews,Sat Dec 02 05:03:07 +0000 2017,0.5719,0.198,0.802,0.0,"McDonald's manager who tipped cops off in Tampa slayings case to receive $110,000 reward https://t.co/314CoynPxL https://t.co/Qa8hY3LAyd"
181,@CBSNews,Sat Dec 02 04:56:03 +0000 2017,-0.5859,0.0,0.696,0.304,"Remains of missing Army vet, dog found in shallow grave, police say https://t.co/HdFhPeQOiH"
182,@CBSNews,Sat Dec 02 04:48:05 +0000 2017,0.0,0.0,1.0,0.0,"Man trying to imitate TV show sparks massive inferno in upstate New York, local mayor says https://t.co/T6EXUVuNII https://t.co/hYXEaRLwoh"
183,@CBSNews,Sat Dec 02 04:33:04 +0000 2017,0.0,0.0,1.0,0.0,"Mattress startup Casper sued for ""wiretapping"" website visitors https://t.co/UZjPQAuXxQ https://t.co/9hJDaDeSzc"
184,@CBSNews,Sat Dec 02 04:18:05 +0000 2017,-0.296,0.0,0.885,0.115,"Missing Florida teenager, who police said was traveling north with a 27-year-old high school soccer coach, has been‚Ä¶ https://t.co/bbzYoXb3ck"
185,@CBSNews,Sat Dec 02 04:03:05 +0000 2017,-0.34,0.0,0.87,0.13,Federal authorities release arrest warrant for Jose Ines Garcia Zarate after San Francisco pier shooting verdict‚Ä¶ https://t.co/uOWLSH3pDw
186,@CBSNews,Sat Dec 02 03:58:06 +0000 2017,-0.296,0.0,0.82,0.18,"Suspect shot by police at Calif. hospital, authorities say https://t.co/hkq3CC9gko https://t.co/B23dc2XmyO"
187,@CBSNews,Sat Dec 02 03:40:01 +0000 2017,0.6124,0.238,0.762,0.0,".@60Minutes, America's number one news program, celebrates its record 50th season in primetime with an hour-long co‚Ä¶ https://t.co/xbYexSwCTO"
188,@CBSNews,Sat Dec 02 03:20:01 +0000 2017,0.0,0.0,1.0,0.0,Tesla has built the world's largest battery in less than 100 days https://t.co/4l2fDzLSgw https://t.co/2ThCbC4vL7
189,@CBSNews,Sat Dec 02 03:00:24 +0000 2017,-0.4588,0.0,0.714,0.286,"Navy commander sentenced for role in ""Fat Leonard"" bribery scandal https://t.co/ZhrwaHeZHs https://t.co/FOsKf1v2ss"
190,@CBSNews,Sat Dec 02 03:00:01 +0000 2017,0.4678,0.155,0.845,0.0,"Comedy legend Carol Burnett is one of the funniest people ever to be on TV, but she tells @MoRocca that there is on‚Ä¶ https://t.co/lFP3AfrHIE"
191,@CBSNews,Sat Dec 02 02:40:01 +0000 2017,-0.3384,0.0,0.862,0.138,"Analysis: Robert Mueller's investigation ""should make you very nervous"" if you have something to hide,‚Ä¶ https://t.co/T7TpUuehhP"
192,@CBSNews,Sat Dec 02 02:20:01 +0000 2017,-0.2732,0.142,0.66,0.198,"United Nations war crimes tribunal orders independent review of ""internal operations"" after ex-general's death‚Ä¶ https://t.co/vjEbqBSG7b"
193,@CBSNews,Sat Dec 02 02:00:02 +0000 2017,-0.1531,0.119,0.734,0.147,"Seeing potential in a Minnesota woman addicted to heroin, a drug treatment court judge helps turn her life around‚Ä¶ https://t.co/PNJSez9Dk8"
194,@CBSNews,Sat Dec 02 01:40:03 +0000 2017,-0.7351,0.0,0.733,0.267,"In an effort to prepare tourists and residents for a possible nuclear attack from North Korea, Hawaii attack sirens‚Ä¶ https://t.co/hKQSWGBJsC"
195,@CBSNews,Sat Dec 02 01:25:27 +0000 2017,-0.5106,0.0,0.837,0.163,"Senate Democrats express outrage after Republicans unveil the 479-page text of their tax overhaul, with notes scrib‚Ä¶ https://t.co/z1ZZVBTbOq"
196,@CBSNews,Sat Dec 02 01:20:02 +0000 2017,-0.1531,0.0,0.918,0.082,American Airlines says it believes it has covered all the flights that were potentially affected by a computer glit‚Ä¶ https://t.co/uwlJolvwRr
197,@CBSNews,Sat Dec 02 01:00:02 +0000 2017,-0.296,0.0,0.896,0.104,"DCCC chairman calls for Rep. Ruben Kihuen, accused in report of propositioning former staffer for dates and sex, to‚Ä¶ https://t.co/4m9BHfcoqI"
198,@CBSNews,Sat Dec 02 00:40:02 +0000 2017,0.2263,0.243,0.638,0.119,Former National Security Agency employee pleaded guilty Friday to keeping top secret U.S. defense material at his h‚Ä¶ https://t.co/mMIUh5skqF
199,@CBSNews,Sat Dec 02 00:20:01 +0000 2017,0.5267,0.167,0.833,0.0,"Called an ""encouraging sign"" by officials, a new government report finds HIV is being diagnosed sooner after infect‚Ä¶ https://t.co/uSgiRDpz2m"
200,@CNN,Sat Dec 02 21:00:10 +0000 2017,0.0,0.0,1.0,0.0,Golf writer Michael Corcoran says then-citizen Donald Trump made a 'p-word' comment in 2000 https://t.co/9piT65pziY https://t.co/hR3WkX4oFr
201,@CNN,Sat Dec 02 20:45:51 +0000 2017,-0.6369,0.234,0.42,0.346,Top defense attorney Mark O'Mara says it's 'horribly improper' for politicians to attack the criminal justice syste‚Ä¶ https://t.co/XWmYR50i2X
202,@CNN,Sat Dec 02 20:30:38 +0000 2017,-0.4404,0.0,0.861,0.139,"RT @CNNnewsroom: Ex-Ethics Dir. Walter Shaub reacts to Trump's latest tweet: ""The President has just damaged his credibility significantly,‚Ä¶"
203,@CNN,Sat Dec 02 20:15:04 +0000 2017,-0.5859,0.0,0.774,0.226,Former Stanford University swimmer convicted of sexual assault asks for new trial https://t.co/GnF6laqQbU https://t.co/IHWiiEjmvY
204,@CNN,Sat Dec 02 20:00:55 +0000 2017,-0.5106,0.0,0.807,0.193,Tom Hanks tells CNN's David Axelrod that President Trump's attacks on the press are concerning. The Axe Files with‚Ä¶ https://t.co/JYZXNkCBEw
205,@CNN,Sat Dec 02 19:45:12 +0000 2017,0.0,0.0,1.0,0.0,Longtime Michigan congressman announces retirement https://t.co/pykQkbTkfL https://t.co/Uri5suh0wW
206,@CNN,Sat Dec 02 19:30:05 +0000 2017,-0.34,0.0,0.833,0.167,Police have taken down a man who opened fire at a California hospital https://t.co/nxqamcZRvs https://t.co/8K1Hiuj5CV
207,@CNN,Sat Dec 02 19:15:10 +0000 2017,-0.2263,0.0,0.872,0.128,State Deptment told to plan for potential protests after Jerusalem embassy announcement https://t.co/qUbIiI6mVZ https://t.co/oFwF0aXhRU
208,@CNN,Sat Dec 02 19:00:13 +0000 2017,0.128,0.219,0.592,0.189,Sam Bird wins chaotic Formula E season opener in Hong Kong https://t.co/W9v21mTO1I https://t.co/RwwOYeoylY
209,@CNN,Sat Dec 02 18:45:09 +0000 2017,-0.4215,0.0,0.763,0.237,Two Russian lawmakers dismiss Michael Flynn's guilty plea https://t.co/x1hZJ2yt53 https://t.co/NFKqWYFH7n
210,@CNN,Sat Dec 02 18:30:02 +0000 2017,0.4019,0.153,0.847,0.0,"With latest plea deal, Special Counsel Robert Mueller's investigation is closing in on President Trump‚Ä¶ https://t.co/KpHFc8hXfe"
211,@CNN,Sat Dec 02 18:15:03 +0000 2017,0.0,0.0,1.0,0.0,This is how senators voted on the tax bill https://t.co/OixXyYsj2h https://t.co/zI3R6qmjjc
212,@CNN,Sat Dec 02 18:00:04 +0000 2017,-0.5994,0.0,0.769,0.231,North Korea's Foreign Ministry says President Trump is 'begging for nuclear war' https://t.co/Hona6lE9QZ https://t.co/Sf31LRzB4x
213,@CNN,Sat Dec 02 17:45:05 +0000 2017,0.0,0.0,1.0,0.0,Republicans just bet the entire 2018 election on an unpopular tax plan | Analysis by Chris Cillizza‚Ä¶ https://t.co/ek3cu1JEAW
214,@CNN,Sat Dec 02 17:30:04 +0000 2017,0.128,0.158,0.842,0.0,Canada could make billions from legal pot https://t.co/aMizY9t0FC https://t.co/S1BlrQDxl6
215,@CNN,Sat Dec 02 17:15:06 +0000 2017,0.0,0.0,1.0,0.0,Poll: Democrat Doug Jones closes gap with Republican Roy Moore in race for Alabama Senate seat‚Ä¶ https://t.co/VWmS50Si2J
216,@CNN,Sat Dec 02 17:00:06 +0000 2017,-0.1027,0.0,0.931,0.069,CNN‚Äôs David Axelrod sits down with Academy Award-winning actor Tom Hanks. The Axe Files with David Axelrod airs Sat‚Ä¶ https://t.co/MnzDtDM3qC
217,@CNN,Sat Dec 02 16:45:07 +0000 2017,-0.3818,0.0,0.776,0.224,US senators gear up for fight over Dodd-Frank rollback https://t.co/MFk3iYSgam
218,@CNN,Sat Dec 02 16:30:13 +0000 2017,-0.3597,0.0,0.839,0.161,President Trump on Michael Flynn deal: 'There has been absolutely no collusion' https://t.co/FUx4Cf0vCF https://t.co/pIIlu7lNeA
219,@CNN,Sat Dec 02 16:15:05 +0000 2017,0.4404,0.172,0.828,0.0,"Florida teen found safe in New York with 27-year-old soccer coach, sheriff says https://t.co/Rhp75OeEAu https://t.co/FrVnENyrcP"
220,@CNN,Sat Dec 02 21:00:10 +0000 2017,0.0,0.0,1.0,0.0,Golf writer Michael Corcoran says then-citizen Donald Trump made a 'p-word' comment in 2000 https://t.co/9piT65pziY https://t.co/hR3WkX4oFr
221,@CNN,Sat Dec 02 20:45:51 +0000 2017,-0.6369,0.234,0.42,0.346,Top defense attorney Mark O'Mara says it's 'horribly improper' for politicians to attack the criminal justice syste‚Ä¶ https://t.co/XWmYR50i2X
222,@CNN,Sat Dec 02 20:30:38 +0000 2017,-0.4404,0.0,0.861,0.139,"RT @CNNnewsroom: Ex-Ethics Dir. Walter Shaub reacts to Trump's latest tweet: ""The President has just damaged his credibility significantly,‚Ä¶"
223,@CNN,Sat Dec 02 20:15:04 +0000 2017,-0.5859,0.0,0.774,0.226,Former Stanford University swimmer convicted of sexual assault asks for new trial https://t.co/GnF6laqQbU https://t.co/IHWiiEjmvY
224,@CNN,Sat Dec 02 20:00:55 +0000 2017,-0.5106,0.0,0.807,0.193,Tom Hanks tells CNN's David Axelrod that President Trump's attacks on the press are concerning. The Axe Files with‚Ä¶ https://t.co/JYZXNkCBEw
225,@CNN,Sat Dec 02 19:45:12 +0000 2017,0.0,0.0,1.0,0.0,Longtime Michigan congressman announces retirement https://t.co/pykQkbTkfL https://t.co/Uri5suh0wW
226,@CNN,Sat Dec 02 19:30:05 +0000 2017,-0.34,0.0,0.833,0.167,Police have taken down a man who opened fire at a California hospital https://t.co/nxqamcZRvs https://t.co/8K1Hiuj5CV
227,@CNN,Sat Dec 02 19:15:10 +0000 2017,-0.2263,0.0,0.872,0.128,State Deptment told to plan for potential protests after Jerusalem embassy announcement https://t.co/qUbIiI6mVZ https://t.co/oFwF0aXhRU
228,@CNN,Sat Dec 02 19:00:13 +0000 2017,0.128,0.219,0.592,0.189,Sam Bird wins chaotic Formula E season opener in Hong Kong https://t.co/W9v21mTO1I https://t.co/RwwOYeoylY
229,@CNN,Sat Dec 02 18:45:09 +0000 2017,-0.4215,0.0,0.763,0.237,Two Russian lawmakers dismiss Michael Flynn's guilty plea https://t.co/x1hZJ2yt53 https://t.co/NFKqWYFH7n
230,@CNN,Sat Dec 02 18:30:02 +0000 2017,0.4019,0.153,0.847,0.0,"With latest plea deal, Special Counsel Robert Mueller's investigation is closing in on President Trump‚Ä¶ https://t.co/KpHFc8hXfe"
231,@CNN,Sat Dec 02 18:15:03 +0000 2017,0.0,0.0,1.0,0.0,This is how senators voted on the tax bill https://t.co/OixXyYsj2h https://t.co/zI3R6qmjjc
232,@CNN,Sat Dec 02 18:00:04 +0000 2017,-0.5994,0.0,0.769,0.231,North Korea's Foreign Ministry says President Trump is 'begging for nuclear war' https://t.co/Hona6lE9QZ https://t.co/Sf31LRzB4x
233,@CNN,Sat Dec 02 17:45:05 +0000 2017,0.0,0.0,1.0,0.0,Republicans just bet the entire 2018 election on an unpopular tax plan | Analysis by Chris Cillizza‚Ä¶ https://t.co/ek3cu1JEAW
234,@CNN,Sat Dec 02 17:30:04 +0000 2017,0.128,0.158,0.842,0.0,Canada could make billions from legal pot https://t.co/aMizY9t0FC https://t.co/S1BlrQDxl6
235,@CNN,Sat Dec 02 17:15:06 +0000 2017,0.0,0.0,1.0,0.0,Poll: Democrat Doug Jones closes gap with Republican Roy Moore in race for Alabama Senate seat‚Ä¶ https://t.co/VWmS50Si2J
236,@CNN,Sat Dec 02 17:00:06 +0000 2017,-0.1027,0.0,0.931,0.069,CNN‚Äôs David Axelrod sits down with Academy Award-winning actor Tom Hanks. The Axe Files with David Axelrod airs Sat‚Ä¶ https://t.co/MnzDtDM3qC
237,@CNN,Sat Dec 02 16:45:07 +0000 2017,-0.3818,0.0,0.776,0.224,US senators gear up for fight over Dodd-Frank rollback https://t.co/MFk3iYSgam
238,@CNN,Sat Dec 02 16:30:13 +0000 2017,-0.3597,0.0,0.839,0.161,President Trump on Michael Flynn deal: 'There has been absolutely no collusion' https://t.co/FUx4Cf0vCF https://t.co/pIIlu7lNeA
239,@CNN,Sat Dec 02 16:15:05 +0000 2017,0.4404,0.172,0.828,0.0,"Florida teen found safe in New York with 27-year-old soccer coach, sheriff says https://t.co/Rhp75OeEAu https://t.co/FrVnENyrcP"
240,@CNN,Sat Dec 02 16:00:22 +0000 2017,-0.8519,0.0,0.617,0.383,"After a fatal police shooting, this mom is haunted by shocking incisions all over her son's body #BeneathTheSkin‚Ä¶ https://t.co/KqNBJvffuK"
241,@CNN,Sat Dec 02 15:45:09 +0000 2017,0.7906,0.304,0.696,0.0,Stakeholders line up on both sides of the religious liberty case in the US Supreme Court https://t.co/BDbzDhcOjM https://t.co/KErgcIqKgX
242,@CNN,Sat Dec 02 15:27:52 +0000 2017,0.0,0.0,1.0,0.0,Why Calfornia is wincing over Trump-backed health plan associations https://t.co/8EYi4mVpSD https://t.co/94GliD75N4
243,@CNN,Sat Dec 02 15:00:30 +0000 2017,0.0,0.0,1.0,0.0,The world's biggest lithium ion battery has started delivering power in Australia. It uses wind and can power as ma‚Ä¶ https://t.co/B0TlpqgQvg
244,@CNN,Sat Dec 02 14:55:33 +0000 2017,0.8074,0.278,0.722,0.0,"RT @CNNPolitics: President Trump praises the passage of the Senate tax bill and looks ahead to conference committee: ""Something beautiful i‚Ä¶"
245,@CNN,Sat Dec 02 14:45:04 +0000 2017,0.0,0.0,1.0,0.0,The first time these mothers see their sons' bodies up close after officer-involved shootings isn't in a hospital o‚Ä¶ https://t.co/iZyjU9nOhM
246,@CNN,Sat Dec 02 14:38:05 +0000 2017,0.3818,0.115,0.885,0.0,"Economist Arthur Laffer: The CBO is ""wrong,"" the Senate tax bill ""will spur economic growth"" and will not add $1.4‚Ä¶ https://t.co/mujQyHl6CF"
247,@CNN,Sat Dec 02 14:30:51 +0000 2017,0.0,0.0,1.0,0.0,"This is one of thousands of giant sinkholes in Greenland, where water is draining through the ice sheet into the oc‚Ä¶ https://t.co/b1eVkIol9S"
248,@CNN,Sat Dec 02 14:10:16 +0000 2017,-0.4404,0.0,0.838,0.162,"Former federal prosecutor John Brownlee: Michael Flynn's credibility as a witness ""has been significantly damaged b‚Ä¶ https://t.co/JjnEQpJivK"
249,@CNN,Sat Dec 02 14:00:18 +0000 2017,0.5423,0.179,0.821,0.0,"Former 49ers quarterback Colin Kaepernick has been named the recipient of Sports Illustrated's legacy award, which‚Ä¶ https://t.co/JpgasveNTw"
250,@CNN,Sat Dec 02 13:40:08 +0000 2017,-0.7845,0.0,0.743,0.257,Shocking postmortem incisions on her son's body after he was fatally shot by police led this Chicago mom to ask CNN‚Ä¶ https://t.co/vWxNddGLg5
251,@CNN,Sat Dec 02 13:29:03 +0000 2017,-0.6478,0.0,0.773,0.227,CNN journalists have risked their lives in the most dangerous places around the world so you know the truth‚Ä¶ https://t.co/R3F9YGHl5J
252,@CNN,Sat Dec 02 13:00:22 +0000 2017,0.0,0.0,1.0,0.0,"Matt Lauer ""will not be paid past his last day of work,"" a senior NBC source says https://t.co/E0VcSNSUHS https://t.co/0LUMeTndUJ"
253,@CNN,Sat Dec 02 12:30:21 +0000 2017,-0.4404,0.0,0.854,0.146,"""Fat Leonard,"" the biggest corruption scandal in US Navy history, has tarnished the career of another admiral‚Ä¶ https://t.co/oL4bLB8gYS"
254,@CNN,Sat Dec 02 12:00:37 +0000 2017,0.7574,0.294,0.706,0.0,Join hosts @andersoncooper &amp; @KellyRipa in just a few weeks to honor all this year's Top 10 #CNNHeroes! Vote now at‚Ä¶ https://t.co/WLhv3nvbW7
255,@CNN,Sat Dec 02 11:30:36 +0000 2017,0.0,0.0,1.0,0.0,Meltwater from Greenland is the biggest source of sea level rise in the world -- double that of Antarctica. See how‚Ä¶ https://t.co/sUxboTGGS4
256,@CNN,Sat Dec 02 11:01:08 +0000 2017,0.0,0.0,1.0,0.0,"In Greenland, evidence of climate change is written in ice and stone https://t.co/rm0MjDsh2z https://t.co/zhs2wuObi3"
257,@CNN,Sat Dec 02 10:30:21 +0000 2017,0.0,0.0,1.0,0.0,This is how the tax bill would affect your household finances https://t.co/uzCyZCPSdF https://t.co/3bq0EzDh37
258,@CNN,Sat Dec 02 10:00:21 +0000 2017,-0.3612,0.0,0.872,0.128,A Kremlin-linked troll is once again demonstrating how difficult it is for Twitter to police its own platform‚Ä¶ https://t.co/6KrUAw3he9
259,@CNN,Sat Dec 02 09:30:15 +0000 2017,-0.296,0.225,0.539,0.235,"The United Nations urges Libya to take ""urgent action"" over human slavery https://t.co/knx2rdt8SW https://t.co/aNoibaIeTq"
260,@CNN,Sat Dec 02 09:00:27 +0000 2017,-0.2023,0.0,0.921,0.079,"You won't find studies in humans that prove chicken soup can fight a cold, but there's enough evidence to make it w‚Ä¶ https://t.co/liCtPng8mA"
261,@CNN,Sat Dec 02 08:29:07 +0000 2017,0.6908,0.251,0.749,0.0,"Meet the 11-year-old who created a cheap device to test drinking water for lead, and won a $25,000 science prize‚Ä¶ https://t.co/Tfzvuyk9J4"
262,@CNN,Sat Dec 02 08:00:15 +0000 2017,0.0,0.0,1.0,0.0,The one and only visible supermoon of 2017 will be observable to the entire world on December 3. Here's how to see‚Ä¶ https://t.co/1uxaRBVGaP
263,@CNN,Sat Dec 02 07:30:06 +0000 2017,0.0258,0.105,0.795,0.1,"The guy who took down President Trump's Twitter account says it was ""a mistake"" and that he actually admires Trump'‚Ä¶ https://t.co/Wz9f2qUdGg"
264,@CNN,Sat Dec 02 07:09:54 +0000 2017,0.0,0.0,1.0,0.0,Senate passes its GOP tax reform bill with 51 votes after a day full of lawmakers making changes to bring enough me‚Ä¶ https://t.co/IChv44Xy0d
265,@CNN,Sat Dec 02 07:02:24 +0000 2017,-0.6369,0.0,0.826,0.174,This video shows a man's final moments before he was fatally shot outside his home in Nashville. His son released t‚Ä¶ https://t.co/w0q8PL0fOU
266,@CNN,Sat Dec 02 06:30:14 +0000 2017,-0.1027,0.0,0.928,0.072,President Trump has questioned the authenticity of the infamous ‚ÄúAccess Hollywood‚Äù tape in which he bragged about b‚Ä¶ https://t.co/noBeChbfF0
267,@CNN,Sat Dec 02 06:00:18 +0000 2017,-0.0516,0.114,0.762,0.124,"Former Secretary of State Madeleine Albright believes the US is facing a ""national security emergency"" because of t‚Ä¶ https://t.co/euFlPDWFDp"
268,@CNN,Sat Dec 02 05:30:06 +0000 2017,0.0,0.0,1.0,0.0,Arby's is buying Buffalo Wild Wings for $2.9 billion https://t.co/ZRKFZ5YX0m https://t.co/NEluzZOZGB
269,@CNN,Sat Dec 02 05:20:17 +0000 2017,0.0,0.0,1.0,0.0,Votes on amendments are underway with Senate Republicans set to pass a massive tax overhaul. The bill includes hand‚Ä¶ https://t.co/nFBbwMuFTa
270,@CNN,Sat Dec 02 05:02:41 +0000 2017,0.0,0.0,1.0,0.0,Meltwater from Greenland is the biggest source of sea level rise in the world -- double that of Antarctica. See how‚Ä¶ https://t.co/vMStdSVXkR
271,@CNN,Sat Dec 02 04:30:07 +0000 2017,0.0,0.0,1.0,0.0,"Jared Kushner is the very senior Trump team member who told Michael Flynn to contact the Russian ambassador, source‚Ä¶ https://t.co/csarkGg1s3"
272,@CNN,Sat Dec 02 04:00:07 +0000 2017,0.4939,0.225,0.775,0.0,A man's tattoo left doctors debating whether to save his life https://t.co/8UnIwsGEBg https://t.co/LgYelybHGA
273,@CNN,Sat Dec 02 03:30:22 +0000 2017,0.0772,0.105,0.802,0.093,Geraldo Rivera apologizes to Bette Midler after she accused him earlier this week of drugging and groping her in th‚Ä¶ https://t.co/JJ9zkY57Gk
274,@CNN,Sat Dec 02 03:00:18 +0000 2017,0.1779,0.175,0.825,0.0,Police officer adopts homeless mother's opioid-addicted newborn https://t.co/zaXJeLox7b https://t.co/5GQPG1gZ0i
275,@CNN,Sat Dec 02 02:50:05 +0000 2017,0.0,0.0,1.0,0.0,Former President Obama met with the Dalai Lama in India on Friday https://t.co/qnMKlOyoIk https://t.co/QRFzCQQY4n
276,@CNN,Sat Dec 02 02:40:06 +0000 2017,-0.8885,0.0,0.596,0.404,A McDonald's manager who gave police a loaded gun that led to the arrest of a suspect in a series of killings in Ta‚Ä¶ https://t.co/NUWbKkOrCw
277,@CNN,Sat Dec 02 02:30:06 +0000 2017,0.0,0.0,1.0,0.0,"62 years ago, Rosa Parks stood up for civil rights by sitting down https://t.co/yDNl5AdgTd https://t.co/hmBrwwa8PJ"
278,@CNN,Sat Dec 02 02:20:01 +0000 2017,-0.6249,0.0,0.687,0.313,The brutal race conversation nobody wants to have https://t.co/L5imhpeKVw https://t.co/f8WmR6OphU
279,@CNN,Sat Dec 02 02:10:04 +0000 2017,0.0,0.0,1.0,0.0,"Signet Jewelers, which owns Kay Jewelers, Zales and Jared The Galleria Of Jewelry, is being investigated by federal‚Ä¶ https://t.co/UenFiTbpmZ"
280,@CNN,Sat Dec 02 02:00:27 +0000 2017,0.0,0.0,1.0,0.0,Russia investigation zeroes in on Trump inner circle | Analysis by @StCollinson https://t.co/9yLjhHp5gI https://t.co/HpLIMhdCuV
281,@CNN,Sat Dec 02 01:50:04 +0000 2017,0.4019,0.184,0.816,0.0,Flynn charge suggests arcane law is 'leverage' for special counsel investigation https://t.co/hirXKHOyyv https://t.co/nNr3Fgj61b
282,@CNN,Sat Dec 02 01:40:03 +0000 2017,0.0,0.0,1.0,0.0,Twitter has a new reason for why it didn't delete Trump's anti-Muslim retweets https://t.co/nTaj9LS5Cf https://t.co/lUdCAjSUPy
283,@CNN,Sat Dec 02 01:30:07 +0000 2017,0.0,0.0,1.0,0.0,"Jared Kushner is the very senior Trump team member who told Michael Flynn to contact the Russian ambassador, source‚Ä¶ https://t.co/u8KUAZtwPF"
284,@CNN,Sat Dec 02 01:22:50 +0000 2017,0.4019,0.144,0.856,0.0,"RT @OutFrontCNN: ""Please don't say it's not that big a deal. He is now an admitted felon."" Rep. Denny Heck reacts to Michael Flynn's guilty‚Ä¶"
285,@CNN,Sat Dec 02 01:20:10 +0000 2017,-0.4215,0.0,0.781,0.219,Breaking down Michael Flynn's lies about his Russia calls https://t.co/7sqTwPyoFf https://t.co/yhA3E7DxMQ
286,@CNN,Sat Dec 02 01:10:11 +0000 2017,0.0,0.0,1.0,0.0,"""I think that Russia investigation is wearing on all of us, the President most of all,"" said a source close to Pres‚Ä¶ https://t.co/LaAI7GvkdA"
287,@CNN,Sat Dec 02 01:00:02 +0000 2017,0.0,0.0,1.0,0.0,"American Airlines says there will be enough pilots available to cover all of its December flights, despite a schedu‚Ä¶ https://t.co/bhZF44Nb1D"
288,@CNN,Sat Dec 02 00:50:04 +0000 2017,0.5859,0.25,0.656,0.094,"Senate Republicans may vote to strengthen Obamacare short-term to win over lawmakers, even as it weakens the health‚Ä¶ https://t.co/ZW5IsoCA2e"
289,@CNN,Sat Dec 02 00:40:09 +0000 2017,0.0,0.0,1.0,0.0,The Senate is about to vote on a tax bill it's still writing | Analysis by @zbyronwolf¬†https://t.co/UxxdePpBNv https://t.co/Xwz1IhCrmj
290,@CNN,Sat Dec 02 00:30:15 +0000 2017,0.0,0.0,1.0,0.0,"As TV networks grapple with the sexual misconduct allegations lodged against their big stars, a major lingering que‚Ä¶ https://t.co/CzkglP7PrD"
291,@CNN,Sat Dec 02 00:20:09 +0000 2017,0.0,0.0,1.0,0.0,"President Trump is expected to announce that the US recognizes Jerusalem as Israel's capital, US officials with dir‚Ä¶ https://t.co/BsHdUCql7d"
292,@CNN,Sat Dec 02 00:10:04 +0000 2017,0.0,0.0,1.0,0.0,"Michael Flynn: From ""lock her up"" to (maybe) locked up | Analysis by @GregJKrieg https://t.co/tRZkAaTyup https://t.co/dAt2r8pq8l"
293,@CNN,Sat Dec 02 00:03:53 +0000 2017,0.4939,0.186,0.814,0.0,"RT @CNNSitRoom: .@evanperez explains why Michael Flynn's plea agreement was ""an incredible deal"" https://t.co/4Hx0XH4D5t  https://t.co/Adgw‚Ä¶"
294,@CNN,Sat Dec 02 00:02:03 +0000 2017,0.7574,0.294,0.706,0.0,Join hosts @andersoncooper &amp; @KellyRipa in just a few weeks to honor all this year's Top 10 #CNNHeroes! Vote now at‚Ä¶ https://t.co/RUGXYixw0G
295,@CNN,Fri Dec 01 23:50:05 +0000 2017,-0.6908,0.0,0.749,0.251,"GOP Rep. Blake Farenthold settled a sexual harassment complaint brought by an aide with taxpayer money in 2014, acc‚Ä¶ https://t.co/PyjrxXwdr5"
296,@CNN,Fri Dec 01 23:40:05 +0000 2017,0.0258,0.198,0.66,0.142,A former National Security Agency employee pleaded guilty Friday to taking sensitive national defense information f‚Ä¶ https://t.co/K2S1GtJpv4
297,@CNN,Fri Dec 01 23:30:03 +0000 2017,0.0,0.0,1.0,0.0,German police defuse device near Christmas market outside Berlin https://t.co/r4yQdDrR5y https://t.co/ftEmTHek3O
298,@CNN,Fri Dec 01 23:20:06 +0000 2017,0.4939,0.225,0.775,0.0,A man's tattoo left doctors debating whether to save his life https://t.co/pOS6iivPYO https://t.co/0vlvW3AXEB
299,@CNN,Fri Dec 01 23:10:07 +0000 2017,-0.5574,0.0,0.69,0.31,Russian Parliament plans to ban American journalists https://t.co/9iHZZ8aAZG https://t.co/xvjzFbimgN
300,@FoxNews,Sat Dec 02 21:01:41 +0000 2017,0.0,0.0,1.0,0.0,"H.R. McMaster: ""@POTUS will soon unveil the details of his new strategy, but I can tell you now that it will focus‚Ä¶ https://t.co/dEEil06hYP"
301,@FoxNews,Sat Dec 02 21:00:21 +0000 2017,-0.5423,0.0,0.837,0.163,"H.R. McMaster: ""The rogue regimes of Iran and North Korea are violating the sovereignty of their neighbors, pursuin‚Ä¶ https://t.co/f6v7IGIgQF"
302,@FoxNews,Sat Dec 02 20:59:06 +0000 2017,0.0,0.0,1.0,0.0,"H.R. McMaster: ""Reagan assertively declared that it was Communism that would lie on the ash-heap of history, not de‚Ä¶ https://t.co/CA97f6EpWo"
303,@FoxNews,Sat Dec 02 20:57:42 +0000 2017,0.8225,0.275,0.725,0.0,"H.R. McMaster: ""Our Founders believed that the greatest wisdom of our nation rests in the hearts and in the minds o‚Ä¶ https://t.co/xTZsiHd4OR"
304,@FoxNews,Sat Dec 02 20:55:59 +0000 2017,0.7845,0.289,0.711,0.0,"H.R. McMaster: ""[Ronald Reagan] secured our nation, helped bring down the Berlin Wall, and ensured that freedom and‚Ä¶ https://t.co/p73aw6mhHX"
305,@FoxNews,Sat Dec 02 20:44:49 +0000 2017,0.34,0.194,0.806,0.0,Awaiting remarks from National Security Adviser H.R. McMaster at #RNDF. https://t.co/v9ex4nFBL1
306,@FoxNews,Sat Dec 02 20:44:09 +0000 2017,0.4215,0.101,0.899,0.0,"RT @FoxBusiness: DIUx's Raj Shah: ""If you look at all venture deals in the United States in 2015, 12% had an investor from China. That's up‚Ä¶"
307,@FoxNews,Sat Dec 02 20:44:06 +0000 2017,-0.5267,0.0,0.841,0.159,"RT @FoxBusiness: .@AmbJohnBolton on China's access to U.S. tech: ""We are in an increasingly threatening international environment, that the‚Ä¶"
308,@FoxNews,Sat Dec 02 20:39:45 +0000 2017,0.3612,0.263,0.737,0.0,Trump's USDA Relaxes Obama-Era School Lunch Restrictions    https://t.co/xmc5xGGqDe
309,@FoxNews,Sat Dec 02 20:34:03 +0000 2017,0.0,0.0,1.0,0.0,"TOMORROW on @NextRevFNC, @SteveHiltonx talks to @DarrellIssa - Tune in at 9p ET on Fox News Channel! https://t.co/vf9Eo9futN"
310,@FoxNews,Sat Dec 02 20:32:02 +0000 2017,-0.68,0.0,0.699,0.301,Trump laments Flynn's lies to FBI about Russia contacts: 'There was nothing to hide!' https://t.co/60j65Qqx2R
311,@FoxNews,Sat Dec 02 20:25:01 +0000 2017,-0.34,0.0,0.862,0.138,"Earlier today, President @realDonaldTrump tweeted about firing General Mike Flynn, and claimed his former National‚Ä¶ https://t.co/BBnGgFX0rn"
312,@FoxNews,Sat Dec 02 20:23:06 +0000 2017,0.7322,0.291,0.635,0.074,".@SecAFOfficial: ""We are low on readiness... We need to restore the readiness of the Force so we can win any fight.‚Ä¶ https://t.co/EJA9nzBwV5"
313,@FoxNews,Sat Dec 02 20:17:30 +0000 2017,0.34,0.118,0.882,0.0,TODAY at 4p ET - @BretBaier talks to National Security Adviser H.R. McMaster at @Reagan_Library - For full live cov‚Ä¶ https://t.co/F2XG6AXGeW
314,@FoxNews,Sat Dec 02 20:15:15 +0000 2017,0.0,0.0,1.0,0.0,"Trump takes victory lap after Senate passes tax bill, calls it 'largest tax decrease ... by far' https://t.co/uL6UIuFW5P"
315,@FoxNews,Sat Dec 02 20:08:51 +0000 2017,-0.5574,0.0,0.841,0.159,"Today on ""The Cost of Freedom,"" Florida @AGPamBondi reflected on what will happen next with the illegal immigrant w‚Ä¶ https://t.co/T8kuvjqBgv"
316,@FoxNews,Sat Dec 02 20:01:29 +0000 2017,-0.34,0.0,0.862,0.138,"Earlier, President @realDonaldTrump tweeted about firing General Mike Flynn, and claimed his former National Securi‚Ä¶ https://t.co/a8S40Y1XVx"
317,@FoxNews,Sat Dec 02 19:56:33 +0000 2017,-0.5267,0.0,0.82,0.18,RT @FoxBusiness: L3 Technologies Michael Strianese when asked 'Does Wall St. factor the risk of the current and future critical workforce s‚Ä¶
318,@FoxNews,Sat Dec 02 19:53:14 +0000 2017,0.0,0.0,1.0,0.0,Satellite photos show North Korea apparently prepping to reuse launch site https://t.co/5mHAk9SvWN
319,@FoxNews,Sat Dec 02 19:46:14 +0000 2017,-0.0516,0.0,0.93,0.07,"At a event with President @realDonaldTrump in New York City, @GOPChairwoman touted the @GOPs massive fundraising su‚Ä¶ https://t.co/L6YO8ayVcj"
320,@FoxNews,Sat Dec 02 21:01:41 +0000 2017,0.0,0.0,1.0,0.0,"H.R. McMaster: ""@POTUS will soon unveil the details of his new strategy, but I can tell you now that it will focus‚Ä¶ https://t.co/dEEil06hYP"
321,@FoxNews,Sat Dec 02 21:00:21 +0000 2017,-0.5423,0.0,0.837,0.163,"H.R. McMaster: ""The rogue regimes of Iran and North Korea are violating the sovereignty of their neighbors, pursuin‚Ä¶ https://t.co/f6v7IGIgQF"
322,@FoxNews,Sat Dec 02 20:59:06 +0000 2017,0.0,0.0,1.0,0.0,"H.R. McMaster: ""Reagan assertively declared that it was Communism that would lie on the ash-heap of history, not de‚Ä¶ https://t.co/CA97f6EpWo"
323,@FoxNews,Sat Dec 02 20:57:42 +0000 2017,0.8225,0.275,0.725,0.0,"H.R. McMaster: ""Our Founders believed that the greatest wisdom of our nation rests in the hearts and in the minds o‚Ä¶ https://t.co/xTZsiHd4OR"
324,@FoxNews,Sat Dec 02 20:55:59 +0000 2017,0.7845,0.289,0.711,0.0,"H.R. McMaster: ""[Ronald Reagan] secured our nation, helped bring down the Berlin Wall, and ensured that freedom and‚Ä¶ https://t.co/p73aw6mhHX"
325,@FoxNews,Sat Dec 02 20:44:49 +0000 2017,0.34,0.194,0.806,0.0,Awaiting remarks from National Security Adviser H.R. McMaster at #RNDF. https://t.co/v9ex4nFBL1
326,@FoxNews,Sat Dec 02 20:44:09 +0000 2017,0.4215,0.101,0.899,0.0,"RT @FoxBusiness: DIUx's Raj Shah: ""If you look at all venture deals in the United States in 2015, 12% had an investor from China. That's up‚Ä¶"
327,@FoxNews,Sat Dec 02 20:44:06 +0000 2017,-0.5267,0.0,0.841,0.159,"RT @FoxBusiness: .@AmbJohnBolton on China's access to U.S. tech: ""We are in an increasingly threatening international environment, that the‚Ä¶"
328,@FoxNews,Sat Dec 02 20:39:45 +0000 2017,0.3612,0.263,0.737,0.0,Trump's USDA Relaxes Obama-Era School Lunch Restrictions    https://t.co/xmc5xGGqDe
329,@FoxNews,Sat Dec 02 20:34:03 +0000 2017,0.0,0.0,1.0,0.0,"TOMORROW on @NextRevFNC, @SteveHiltonx talks to @DarrellIssa - Tune in at 9p ET on Fox News Channel! https://t.co/vf9Eo9futN"
330,@FoxNews,Sat Dec 02 20:32:02 +0000 2017,-0.68,0.0,0.699,0.301,Trump laments Flynn's lies to FBI about Russia contacts: 'There was nothing to hide!' https://t.co/60j65Qqx2R
331,@FoxNews,Sat Dec 02 20:25:01 +0000 2017,-0.34,0.0,0.862,0.138,"Earlier today, President @realDonaldTrump tweeted about firing General Mike Flynn, and claimed his former National‚Ä¶ https://t.co/BBnGgFX0rn"
332,@FoxNews,Sat Dec 02 20:23:06 +0000 2017,0.7322,0.291,0.635,0.074,".@SecAFOfficial: ""We are low on readiness... We need to restore the readiness of the Force so we can win any fight.‚Ä¶ https://t.co/EJA9nzBwV5"
333,@FoxNews,Sat Dec 02 20:17:30 +0000 2017,0.34,0.118,0.882,0.0,TODAY at 4p ET - @BretBaier talks to National Security Adviser H.R. McMaster at @Reagan_Library - For full live cov‚Ä¶ https://t.co/F2XG6AXGeW
334,@FoxNews,Sat Dec 02 20:15:15 +0000 2017,0.0,0.0,1.0,0.0,"Trump takes victory lap after Senate passes tax bill, calls it 'largest tax decrease ... by far' https://t.co/uL6UIuFW5P"
335,@FoxNews,Sat Dec 02 20:08:51 +0000 2017,-0.5574,0.0,0.841,0.159,"Today on ""The Cost of Freedom,"" Florida @AGPamBondi reflected on what will happen next with the illegal immigrant w‚Ä¶ https://t.co/T8kuvjqBgv"
336,@FoxNews,Sat Dec 02 20:01:29 +0000 2017,-0.34,0.0,0.862,0.138,"Earlier, President @realDonaldTrump tweeted about firing General Mike Flynn, and claimed his former National Securi‚Ä¶ https://t.co/a8S40Y1XVx"
337,@FoxNews,Sat Dec 02 19:56:33 +0000 2017,-0.5267,0.0,0.82,0.18,RT @FoxBusiness: L3 Technologies Michael Strianese when asked 'Does Wall St. factor the risk of the current and future critical workforce s‚Ä¶
338,@FoxNews,Sat Dec 02 19:53:14 +0000 2017,0.0,0.0,1.0,0.0,Satellite photos show North Korea apparently prepping to reuse launch site https://t.co/5mHAk9SvWN
339,@FoxNews,Sat Dec 02 19:46:14 +0000 2017,-0.0516,0.0,0.93,0.07,"At a event with President @realDonaldTrump in New York City, @GOPChairwoman touted the @GOPs massive fundraising su‚Ä¶ https://t.co/L6YO8ayVcj"
340,@FoxNews,Sat Dec 02 19:38:29 +0000 2017,0.3612,0.263,0.737,0.0,"Trump's USDA Relaxes Obama-Era School Lunch Restrictions
https://t.co/xmc5xGGqDe"
341,@FoxNews,Sat Dec 02 19:38:27 +0000 2017,0.128,0.077,0.923,0.0,RT @FoxBusiness: .@jpmorgan Exec. Dir. Michael Leskinen explains how defense companies have been impacted by Donald Trump‚Äôs victory during‚Ä¶
342,@FoxNews,Sat Dec 02 19:36:54 +0000 2017,0.0,0.0,1.0,0.0,".@jasonrileywsj: ""@SenSchumer, the leader of @TheDemocrats in the Senate, has not come out asking @SenFranken to re‚Ä¶ https://t.co/ZifCcDPOMK"
343,@FoxNews,Sat Dec 02 19:36:02 +0000 2017,0.4019,0.124,0.876,0.0,".@dbongino: ""Clearly it was a sanctuary city policy that allowed [Jose Inez Garcia Zarate] to stay in the country a‚Ä¶ https://t.co/GdfBNU2vkx"
344,@FoxNews,Sat Dec 02 19:35:36 +0000 2017,0.0,0.0,1.0,0.0,".@KimStrassel: ""Democrats have been caught up in the very words that Ms. Pelosi used there: 'Zero tolerance.'""‚Ä¶ https://t.co/9lv1VfHmen"
345,@FoxNews,Sat Dec 02 19:29:51 +0000 2017,-0.296,0.0,0.909,0.091,"RT @FoxBusiness: DIUx's Raj Shah: ""The nature of warfare is changing. It is being driven by technologies whose development is being led in‚Ä¶"
346,@FoxNews,Sat Dec 02 19:29:45 +0000 2017,0.4404,0.153,0.847,0.0,"Florida teen who reportedly ran off with soccer coach found safe in New York, police say https://t.co/avmHOEoHFV"
347,@FoxNews,Sat Dec 02 19:27:31 +0000 2017,0.4215,0.183,0.817,0.0,"RT @FoxBusiness: L3 Technologies Michael Strianese: ""The U.S. military has always had a substantial technology advantage. I think we have a‚Ä¶"
348,@FoxNews,Sat Dec 02 19:27:28 +0000 2017,0.0,0.0,1.0,0.0,"RT @FoxBusiness: .@secnav76 Richard Spencer: ""If you look at the job of the Secretary of the Navy: Man, equip, train, and deliver. The Titl‚Ä¶"
349,@FoxNews,Sat Dec 02 19:27:25 +0000 2017,0.0772,0.061,0.939,0.0,"RT @FoxBusiness: .@jpmorgan Exec. Dir. Michael Leskinen: ""For me to want to allocate my shareholders money to companies that are investing,‚Ä¶"
350,@FoxNews,Sat Dec 02 19:26:44 +0000 2017,-0.2263,0.098,0.751,0.15,Shock as Amazon delivery woman defecates on customer‚Äôs front yard while dropping off package https://t.co/OHCRXWB6Tn
351,@FoxNews,Sat Dec 02 19:24:10 +0000 2017,-0.3412,0.0,0.821,0.179,".@jasonrileywsj: ""If you're the @WhiteHouse, this is not a good development."" #JournalEditorialReport https://t.co/MicOb0CfDm"
352,@FoxNews,Sat Dec 02 19:20:20 +0000 2017,0.0,0.0,1.0,0.0,"Democrat Sandy Levin retiring from House, won't seek 19th term in 2018 https://t.co/kAMeQbFplm"
353,@FoxNews,Sat Dec 02 19:15:50 +0000 2017,0.128,0.12,0.88,0.0,"McMaster, Pompeo among speakers at 5th annual Reagan National Defense Forum https://t.co/KEFF6fnADG"
354,@FoxNews,Sat Dec 02 19:10:57 +0000 2017,0.2023,0.13,0.87,0.0,Mueller dismisses top FBI agent in Russia probe over possible anti-Trump texts https://t.co/dq1YAyMQ05
355,@FoxNews,Sat Dec 02 19:08:39 +0000 2017,0.6249,0.298,0.702,0.0,"On ""The @IngrahamAngle,"" @RepMattGaetz slammed the @FBI for allegedly giving @HillaryClinton special treatment.‚Ä¶ https://t.co/6ALOJ0qSJr"
356,@FoxNews,Sat Dec 02 19:05:02 +0000 2017,0.0,0.0,1.0,0.0,"Last night, @SenWarren reacted negatively to the tax reform bill, which passed the Senate late last night.‚Ä¶ https://t.co/yLDMHCqzNM"
357,@FoxNews,Sat Dec 02 19:04:29 +0000 2017,0.0624,0.149,0.716,0.135,".@RepMattGaetz: ""@HillaryClinton didn't deserve special treatment. She should've been treated like every American,‚Ä¶ https://t.co/8yjvQBKo9F"
358,@FoxNews,Sat Dec 02 18:49:56 +0000 2017,0.0,0.0,1.0,0.0,Hawaii Tests Cold-War Era Sirens After North Korean Missile Test   https://t.co/n6DQqgmuKy
359,@FoxNews,Sat Dec 02 18:44:10 +0000 2017,-0.8442,0.0,0.597,0.403,Father of Boy Killed By Illegal Immigrant: Steinle Jury Full of 'Left-Wing Nutjobs'  https://t.co/dleUx0jELD
360,@FoxNews,Sat Dec 02 18:42:22 +0000 2017,-0.34,0.0,0.882,0.118,House Democratic Leader Nancy Pelosi has called on Nevada Democratic Rep. Ruben J. Kihuen to resign following alleg‚Ä¶ https://t.co/3kjZCRfNw6
361,@FoxNews,Sat Dec 02 18:19:43 +0000 2017,0.0,0.0,1.0,0.0,Discovery of DNA on clothes seeks to crack 1978 cold case https://t.co/z0qcKCSQax
362,@FoxNews,Sat Dec 02 18:12:45 +0000 2017,-0.34,0.0,0.821,0.179,Pelosi calls on Nevada Democrat to resign over sexual misconduct claim https://t.co/Vhca0aj04b
363,@FoxNews,Sat Dec 02 18:03:57 +0000 2017,0.0,0.0,1.0,0.0,"Last night, @SenSanders slammed the tax reform bill that passed the Senate. https://t.co/yPerz691gx https://t.co/8xAsuBtcmW"
364,@FoxNews,Sat Dec 02 18:02:45 +0000 2017,0.0,0.0,1.0,0.0,"San Francisco defends ""Sanctuary City"" status; @WillCarrFNC reports. https://t.co/ji2k8oslao"
365,@FoxNews,Sat Dec 02 17:56:29 +0000 2017,0.0,0.0,1.0,0.0,"Santa consoles a woman during an event in Bristol, Tennessee. The woman is currently homeless and was asking for a‚Ä¶ https://t.co/wVKjrbS0QG"
366,@FoxNews,Sat Dec 02 17:53:08 +0000 2017,0.3182,0.282,0.565,0.153,.@dbongino: GOP 'Damn Well Better' Finish Tax Reform 'Or This Party's Toast' https://t.co/KhEyWngNBV
367,@FoxNews,Sat Dec 02 17:49:05 +0000 2017,0.0,0.0,1.0,0.0,"TONIGHT on ""Justice,"" @JudgeJeanine talks to @GovMikeHuckabee - Tune in at 9p ET on Fox News Channel! https://t.co/s3wJO7OCDV"
368,@FoxNews,Sat Dec 02 17:46:01 +0000 2017,-0.4019,0.0,0.748,0.252,Shocking surveillance video shows sheriff's deputy shooting ex-girlfriend  https://t.co/GIMYAqPw9b
369,@FoxNews,Sat Dec 02 17:38:06 +0000 2017,-0.2952,0.0,0.891,0.109,".@CortesSteve: ""We need to keep deporting and particularly dangerous people but we also need a wall. We need border‚Ä¶ https://t.co/DDtFTpMiBr"
370,@FoxNews,Sat Dec 02 17:34:05 +0000 2017,0.0,0.0,1.0,0.0,U.S. markets since election. https://t.co/kGgmZllomD
371,@FoxNews,Sat Dec 02 17:32:47 +0000 2017,0.0,0.0,1.0,0.0,"Trump takes victory lap after Senate passes tax bill, calls it 'largest tax decrease ... by far' https://t.co/uL6UIuFW5P"
372,@FoxNews,Sat Dec 02 17:18:59 +0000 2017,-0.34,0.0,0.87,0.13,"Moments ago, President @realDonaldTrump tweeted about firing General Mike Flynn, and claimed his former National Se‚Ä¶ https://t.co/qMeaLTIB11"
373,@FoxNews,Sat Dec 02 17:18:38 +0000 2017,0.4404,0.127,0.873,0.0,".@RepGaramendi: ""After you vote for it, to say, 'Well, I think we'd better read it and understand what's in it' - t‚Ä¶ https://t.co/4HKkWK8UMt"
374,@FoxNews,Sat Dec 02 17:12:04 +0000 2017,-0.6808,0.0,0.72,0.28,".@POTUS: ""What has been shown is no collusion. No collusion. There's been absolutely no collusion so we're very hap‚Ä¶ https://t.co/t0sZ1pvWJv"
375,@FoxNews,Sat Dec 02 17:06:56 +0000 2017,0.0,0.0,1.0,0.0,Matt Lauer's wife reportedly leaves New York home following sexual misconduct allegations https://t.co/v1d4gQV9Yh
376,@FoxNews,Sat Dec 02 17:05:06 +0000 2017,-0.4019,0.0,0.881,0.119,".@SheriffClarke: ""Build the damn wall... If you do not build the wall as President Trump wants, these guys are just‚Ä¶ https://t.co/FoUSIOXkvg"
377,@FoxNews,Sat Dec 02 16:56:23 +0000 2017,0.34,0.13,0.87,0.0,"TOMORROW on @FoxNewsSunday, Chris Wallace speaks exclusively to National Security Adviser H.R. McMaster - Tune in a‚Ä¶ https://t.co/OodzEifGTm"
378,@FoxNews,Sat Dec 02 16:54:23 +0000 2017,-0.4019,0.0,0.748,0.252,Shocking surveillance video shows sheriff's deputy shooting ex-girlfriend https://t.co/GIMYAqPw9b
379,@FoxNews,Sat Dec 02 16:50:49 +0000 2017,-0.5859,0.0,0.758,0.242,Massive New York fire started by amateur bladesmith attempting to imitate History Channel's 'Forged in Fire' https://t.co/Sl5e4F2e2g
380,@FoxNews,Sat Dec 02 16:39:02 +0000 2017,0.0,0.0,1.0,0.0,"Hawaii Tests Cold-War Era Sirens After North Korean Missile Test
https://t.co/n6DQqgmuKy"
381,@FoxNews,Sat Dec 02 16:34:41 +0000 2017,0.5267,0.152,0.848,0.0,".@AGPamBondi: ""Now the federal authorities have [Jose Ines Garcia Zarate] and we're going to see some justice in ou‚Ä¶ https://t.co/1HvS2CFKAC"
382,@FoxNews,Sat Dec 02 16:30:50 +0000 2017,-0.6486,0.0,0.629,0.371,Boyfriend of missing 3-year-old girl's mother arrested in her disappearance https://t.co/djQ9YWw7zX
383,@FoxNews,Sat Dec 02 16:29:43 +0000 2017,0.0,0.0,1.0,0.0,".@JohnJamesMI: ""If you receive federal funds you must at a minimum abide by federal law."" https://t.co/rlpEfSRqMO"
384,@FoxNews,Sat Dec 02 16:18:17 +0000 2017,-0.4043,0.104,0.67,0.225,"On @ffweekend, @SheriffClarke slammed the not guilty verdict for Jose Ines Garcia Zarate, the illegal immigrant who‚Ä¶ https://t.co/bGxVDe0ecK"
385,@FoxNews,Sat Dec 02 16:13:15 +0000 2017,0.0,0.0,1.0,0.0,".@POTUS: ""I think we had 66 times now where we've hit a record high since the election. 66 times. 66."" https://t.co/IL56Sy8Mbu"
386,@FoxNews,Sat Dec 02 16:11:12 +0000 2017,0.8442,0.394,0.606,0.0,".@POTUS: ""Consumer confidence at a 17-year high... Business confidence - all-time high. Everything is like at an al‚Ä¶ https://t.co/AVOggMIz5v"
387,@FoxNews,Sat Dec 02 16:10:30 +0000 2017,0.4404,0.195,0.805,0.0,".@POTUS: ""I don't think politically it's good to vote against tax cuts."" https://t.co/JRt3RmyAra"
388,@FoxNews,Sat Dec 02 16:10:15 +0000 2017,-0.4203,0.096,0.709,0.195,".@POTUS: ""We didn't need our great @VP to break the tie... We got no Democrat help and I think that's going to cost‚Ä¶ https://t.co/DV5swHrUZN"
389,@FoxNews,Sat Dec 02 16:08:36 +0000 2017,-0.296,0.0,0.885,0.115,".@POTUS: ""Last night we passed - in the history of the country - the largest tax cuts, and reform."" https://t.co/C9akNH0lSw"
390,@FoxNews,Sat Dec 02 16:07:37 +0000 2017,-0.4767,0.0,0.838,0.162,".@GOPChairwoman: ""We have broken every [fundraising] record in the history of the RNC... Over $120 million."" https://t.co/UUCY5yJ1oR"
391,@FoxNews,Sat Dec 02 16:03:39 +0000 2017,-0.8834,0.0,0.636,0.364,"Jamiel Shaw Sr.: ""My son was murdered... He was shot dead by an illegal alien on his third gun charge."" https://t.co/Advmnd96Cc"
392,@FoxNews,Sat Dec 02 16:00:37 +0000 2017,0.0,0.0,1.0,0.0,Awaiting remarks from @POTUS at fundraiser in NYC. https://t.co/TcLUWlSUpn
393,@FoxNews,Sat Dec 02 15:55:24 +0000 2017,0.4019,0.124,0.876,0.0,".@dbongino: ""Clearly it was a sanctuary city policy that allowed [Jose Inez Garcia Zarate] to stay in the country a‚Ä¶ https://t.co/xUuXEy1J88"
394,@FoxNews,Sat Dec 02 15:53:00 +0000 2017,-0.2263,0.0,0.787,0.213,Protesters gather in NYC as @POTUS visits. https://t.co/P41igRrZ0q
395,@FoxNews,Sat Dec 02 15:46:22 +0000 2017,-0.296,0.0,0.879,0.121,"Sheriff Thomas Hodgson: ""We do have to build that wall. We have to stop the flow."" https://t.co/HQMRj0Cqei"
396,@FoxNews,Sat Dec 02 15:43:24 +0000 2017,0.0,0.0,1.0,0.0,"Last night, @SenWarren reacted negatively to the tax reform bill, which passed the Senate late last night.‚Ä¶ https://t.co/EQUnC452q7"
397,@FoxNews,Sat Dec 02 15:37:57 +0000 2017,0.0,0.0,1.0,0.0,U.S. markets since election. https://t.co/HafjxIANs8
398,@FoxNews,Sat Dec 02 15:34:04 +0000 2017,0.0,0.0,1.0,0.0,"TOMORROW on @NextRevFNC, @SteveHiltonx talks to @DarrellIssa - Tune in at 9p ET on Fox News Channel! https://t.co/1jBldT7Bsj"
399,@FoxNews,Sat Dec 02 15:30:23 +0000 2017,-0.2732,0.0,0.884,0.116,Awaiting remarks from @POTUS as House and Senate prepare to hash out final tax cut details. https://t.co/o3xcmQtFFu
400,@nytimes,Sat Dec 02 20:59:06 +0000 2017,-0.5574,0.0,0.783,0.217,Opinion: The racial biases associated with AI terrifies this mother of 2 young children https://t.co/ZqNyplyLqu
401,@nytimes,Sat Dec 02 20:41:04 +0000 2017,0.6072,0.18,0.82,0.0,The first test of Prince Harry and Meghan Markle's fairy-tale romance? A British citizenship exam. Could you ace it? https://t.co/KRkAfS1TN0
402,@nytimes,Sat Dec 02 20:26:05 +0000 2017,-0.6808,0.0,0.752,0.248,"A memo. An executive visit to ""NBC Nightly News."" NBC News does in-house damage control after firing Matt Lauer. https://t.co/9XY3tfam3H"
403,@nytimes,Sat Dec 02 20:11:04 +0000 2017,0.4215,0.135,0.865,0.0,The Republican tax plan could mean leaving government leaner and the safety net skimpier for millions of Americans https://t.co/36UUE8zWFe
404,@nytimes,Sat Dec 02 19:56:02 +0000 2017,-0.3818,0.0,0.86,0.14,‚ÄúEverybody‚Äôs bawling.‚Äù A girls basketball team run by a juvenile court ended its losing streak at 312 games. https://t.co/qW9oqSiwFS
405,@nytimes,Sat Dec 02 19:41:03 +0000 2017,-0.7351,0.0,0.733,0.267,"President Trump tweeted that he fired Michael Flynn ‚Äúbecause he lied to the vice president and the FBI"" https://t.co/SX6CRM1WmT"
406,@nytimes,Sat Dec 02 19:31:02 +0000 2017,-0.3182,0.151,0.687,0.162,RT @nytvideo: Is it ever O.K. to joke about rape? We asked female comedians how stand-up is changing in the post-Weinstein era. https://t.c‚Ä¶
407,@nytimes,Sat Dec 02 19:21:03 +0000 2017,0.6908,0.342,0.563,0.095,"Like other Washington traditions that Trump has disrupted, the White House holiday party was no exception https://t.co/zgbV5bwMUB"
408,@nytimes,Sat Dec 02 19:06:06 +0000 2017,0.0,0.0,1.0,0.0,See how your senator voted on the GOP tax bill https://t.co/A9FtgXCn1b
409,@nytimes,Sat Dec 02 18:56:04 +0000 2017,0.4019,0.114,0.886,0.0,"RT @nytmike: A rare public statement on the record from the Special Counsel's office to the media: ""Immediately upon learning of the allega‚Ä¶"
410,@nytimes,Sat Dec 02 18:46:02 +0000 2017,0.0,0.0,1.0,0.0,Opinion: Who might now be swept up in the investigation? The next obvious candidate is Jared Kushner. https://t.co/WIdbiyoXM6
411,@nytimes,Sat Dec 02 18:36:01 +0000 2017,0.0,0.0,1.0,0.0,Most Britons find the British citizenship test almost impossible to pass. Will Meghan Markle ace it? https://t.co/5LkIy5gvey
412,@nytimes,Sat Dec 02 18:21:05 +0000 2017,0.0,0.0,1.0,0.0,"According to the government of Myanmar, the Rohingya do not exist. How?
 https://t.co/oSMMdu6Gys"
413,@nytimes,Sat Dec 02 18:06:05 +0000 2017,0.0,0.0,1.0,0.0,"The definitive French dishes that every modern cook should master https://t.co/WxvnqvGlT7

@SamSifton, @nytfood edi‚Ä¶ https://t.co/Cl6n0ZtCYY"
414,@nytimes,Sat Dec 02 17:56:05 +0000 2017,0.5859,0.153,0.847,0.0,"In a big win for President Trump, the Senate passed its tax plan. It now must be reconciled with the House version. https://t.co/J4DsgU571z"
415,@nytimes,Sat Dec 02 17:46:01 +0000 2017,0.0,0.0,1.0,0.0,"The agent, Peter Strzok, was reassigned this summer from Robert Mueller‚Äôs investigation to the FBI's human resources department"
416,@nytimes,Sat Dec 02 17:36:07 +0000 2017,0.2263,0.16,0.84,0.0,This lentil soup will keep you warm all winter long https://t.co/P60FkbL2Gi
417,@nytimes,Sat Dec 02 17:21:03 +0000 2017,0.4215,0.123,0.877,0.0,Trump's team hopes that the tax plan may resonate more powerfully with the public than the news of Michael Flynn https://t.co/Dzzv2C5Yl4
418,@nytimes,Sat Dec 02 17:07:36 +0000 2017,0.6249,0.177,0.823,0.0,"Step onto the Great Wall of China, one of the new Seven Wonders of the World, in 360¬∞ video https://t.co/TeONS93k8A"
419,@nytimes,Sat Dec 02 16:51:10 +0000 2017,-0.2732,0.0,0.896,0.104,The FBI agent was cut from the Russia inquiry over possible anti-Trump political views expressed in text messages https://t.co/F3X2GmgDiF
420,@nytimes,Sat Dec 02 20:59:06 +0000 2017,-0.5574,0.0,0.783,0.217,Opinion: The racial biases associated with AI terrifies this mother of 2 young children https://t.co/ZqNyplyLqu
421,@nytimes,Sat Dec 02 20:41:04 +0000 2017,0.6072,0.18,0.82,0.0,The first test of Prince Harry and Meghan Markle's fairy-tale romance? A British citizenship exam. Could you ace it? https://t.co/KRkAfS1TN0
422,@nytimes,Sat Dec 02 20:26:05 +0000 2017,-0.6808,0.0,0.752,0.248,"A memo. An executive visit to ""NBC Nightly News."" NBC News does in-house damage control after firing Matt Lauer. https://t.co/9XY3tfam3H"
423,@nytimes,Sat Dec 02 20:11:04 +0000 2017,0.4215,0.135,0.865,0.0,The Republican tax plan could mean leaving government leaner and the safety net skimpier for millions of Americans https://t.co/36UUE8zWFe
424,@nytimes,Sat Dec 02 19:56:02 +0000 2017,-0.3818,0.0,0.86,0.14,‚ÄúEverybody‚Äôs bawling.‚Äù A girls basketball team run by a juvenile court ended its losing streak at 312 games. https://t.co/qW9oqSiwFS
425,@nytimes,Sat Dec 02 19:41:03 +0000 2017,-0.7351,0.0,0.733,0.267,"President Trump tweeted that he fired Michael Flynn ‚Äúbecause he lied to the vice president and the FBI"" https://t.co/SX6CRM1WmT"
426,@nytimes,Sat Dec 02 19:31:02 +0000 2017,-0.3182,0.151,0.687,0.162,RT @nytvideo: Is it ever O.K. to joke about rape? We asked female comedians how stand-up is changing in the post-Weinstein era. https://t.c‚Ä¶
427,@nytimes,Sat Dec 02 19:21:03 +0000 2017,0.6908,0.342,0.563,0.095,"Like other Washington traditions that Trump has disrupted, the White House holiday party was no exception https://t.co/zgbV5bwMUB"
428,@nytimes,Sat Dec 02 19:06:06 +0000 2017,0.0,0.0,1.0,0.0,See how your senator voted on the GOP tax bill https://t.co/A9FtgXCn1b
429,@nytimes,Sat Dec 02 18:56:04 +0000 2017,0.4019,0.114,0.886,0.0,"RT @nytmike: A rare public statement on the record from the Special Counsel's office to the media: ""Immediately upon learning of the allega‚Ä¶"
430,@nytimes,Sat Dec 02 18:46:02 +0000 2017,0.0,0.0,1.0,0.0,Opinion: Who might now be swept up in the investigation? The next obvious candidate is Jared Kushner. https://t.co/WIdbiyoXM6
431,@nytimes,Sat Dec 02 18:36:01 +0000 2017,0.0,0.0,1.0,0.0,Most Britons find the British citizenship test almost impossible to pass. Will Meghan Markle ace it? https://t.co/5LkIy5gvey
432,@nytimes,Sat Dec 02 18:21:05 +0000 2017,0.0,0.0,1.0,0.0,"According to the government of Myanmar, the Rohingya do not exist. How?
 https://t.co/oSMMdu6Gys"
433,@nytimes,Sat Dec 02 18:06:05 +0000 2017,0.0,0.0,1.0,0.0,"The definitive French dishes that every modern cook should master https://t.co/WxvnqvGlT7

@SamSifton, @nytfood edi‚Ä¶ https://t.co/Cl6n0ZtCYY"
434,@nytimes,Sat Dec 02 17:56:05 +0000 2017,0.5859,0.153,0.847,0.0,"In a big win for President Trump, the Senate passed its tax plan. It now must be reconciled with the House version. https://t.co/J4DsgU571z"
435,@nytimes,Sat Dec 02 17:46:01 +0000 2017,0.0,0.0,1.0,0.0,"The agent, Peter Strzok, was reassigned this summer from Robert Mueller‚Äôs investigation to the FBI's human resources department"
436,@nytimes,Sat Dec 02 17:36:07 +0000 2017,0.2263,0.16,0.84,0.0,This lentil soup will keep you warm all winter long https://t.co/P60FkbL2Gi
437,@nytimes,Sat Dec 02 17:21:03 +0000 2017,0.4215,0.123,0.877,0.0,Trump's team hopes that the tax plan may resonate more powerfully with the public than the news of Michael Flynn https://t.co/Dzzv2C5Yl4
438,@nytimes,Sat Dec 02 17:07:36 +0000 2017,0.6249,0.177,0.823,0.0,"Step onto the Great Wall of China, one of the new Seven Wonders of the World, in 360¬∞ video https://t.co/TeONS93k8A"
439,@nytimes,Sat Dec 02 16:51:10 +0000 2017,-0.2732,0.0,0.896,0.104,The FBI agent was cut from the Russia inquiry over possible anti-Trump political views expressed in text messages https://t.co/F3X2GmgDiF
440,@nytimes,Sat Dec 02 16:48:14 +0000 2017,0.0,0.0,1.0,0.0,Breaking News: An FBI agent was removed after questions about whether he expressed anti-Trump political views https://t.co/2pV8jcLaXY
441,@nytimes,Sat Dec 02 16:41:04 +0000 2017,0.0772,0.056,0.944,0.0,"""I want you to take a look at this, folks. This is your government at work,"" said Senator Jon Tester, Democrat of M‚Ä¶ https://t.co/vpCb0tR9VV"
442,@nytimes,Sat Dec 02 16:26:06 +0000 2017,-0.296,0.0,0.804,0.196,Opinion: She wanted to get sterilized. Her doctor refused. https://t.co/fEorL3z3S9
443,@nytimes,Sat Dec 02 16:11:06 +0000 2017,-0.0258,0.073,0.791,0.136,Members of Mexico‚Äôs landmark anti-corruption drive say the government has thwarted them from making serious headway https://t.co/wtf7r9BJOr
444,@nytimes,Sat Dec 02 15:56:02 +0000 2017,0.4215,0.189,0.714,0.097,Novelist Emma Cline had a banner 2016. But a lawsuit by a former boyfriend has overshadowed that success. https://t.co/7lWZNtz43U
445,@nytimes,Sat Dec 02 15:48:27 +0000 2017,0.0,0.0,1.0,0.0,How Ireland Moved to the Left: ‚ÄòThe Demise of the Church‚Äô https://t.co/7aweHoRh5T
446,@nytimes,Sat Dec 02 15:41:02 +0000 2017,0.4019,0.124,0.876,0.0,"With the passage of a Senate tax plan, Republicans are close to a big victory. But will it help them politically? https://t.co/KInO87k6Xq"
447,@nytimes,Sat Dec 02 15:26:01 +0000 2017,0.0,0.0,1.0,0.0,"The U.S. Senate passed the most sweeping tax rewrite in decades. The new Republican tax plan affects families, smal‚Ä¶ https://t.co/6Jrs41sVbz"
448,@nytimes,Sat Dec 02 15:12:04 +0000 2017,0.34,0.107,0.893,0.0,"Who gains from the U.S. Republican tax plan? Two economists, one from each side of the debate, make their cases. https://t.co/SX0F84ETVN"
449,@nytimes,Sat Dec 02 15:02:01 +0000 2017,0.2023,0.091,0.909,0.0,"Some colleges have more students from the top 1% than the bottom 60. Find yours. https://t.co/coxMm43wI6 

This was‚Ä¶ https://t.co/yeeDxmUf9B"
450,@nytimes,Sat Dec 02 14:41:01 +0000 2017,0.0,0.0,1.0,0.0,Updated timeline: What we now know about Michael Flynn‚Äôs phone calls with Russia https://t.co/u5HLzR0SAh
451,@nytimes,Sat Dec 02 14:21:01 +0000 2017,0.0,0.0,1.0,0.0,"""Everyone else in the family has my husband‚Äôs last name and brown eyes. Even a toddler could tell I was an outsider‚Ä¶ https://t.co/EIvAVlMheY"
452,@nytimes,Sat Dec 02 14:01:08 +0000 2017,0.4404,0.146,0.854,0.0,"Jay-Z in an interview with executive editor Dean Baquet: ""The strongest thing a man can do is cry.""‚Ä¶ https://t.co/EsAyn24IEf"
453,@nytimes,Sat Dec 02 13:41:05 +0000 2017,-0.6369,0.0,0.822,0.178,"RT @nytopinion: The Senate tax bill is expected to add more than $1.4 trillion to the federal deficit, a debt that will be paid by the poor‚Ä¶"
454,@nytimes,Sat Dec 02 13:21:02 +0000 2017,-0.4215,0.0,0.763,0.237,Opinion: 10 key takeaways from Michael Flynn‚Äôs guilty plea https://t.co/8pQvqNJx3L
455,@nytimes,Sat Dec 02 13:02:06 +0000 2017,0.0,0.0,1.0,0.0,Here's how each senator voted on the Republican tax bill https://t.co/zDHX5KEsOI
456,@nytimes,Sat Dec 02 12:41:02 +0000 2017,0.6369,0.412,0.588,0.0,The 10 best books of 2017 https://t.co/949YQcMnnm
457,@nytimes,Sat Dec 02 12:21:04 +0000 2017,0.0,0.0,1.0,0.0,These documents raise new questions about what then President-elect Trump knew about Michael Flynn‚Äôs conversations https://t.co/R3E14fyzuK
458,@nytimes,Sat Dec 02 12:02:07 +0000 2017,0.5859,0.147,0.853,0.0,"RT @nytpolitics: The Senate passed the most sweeping tax overhaul in decades, a big win for President Trump. It now must be reconciled with‚Ä¶"
459,@nytimes,Sat Dec 02 11:39:48 +0000 2017,0.5859,0.226,0.774,0.0,Scallops see their world with hundreds of eyes ‚Äî and each one is amazing https://t.co/B9g4g1vimR
460,@nytimes,Sat Dec 02 11:20:31 +0000 2017,0.0772,0.098,0.902,0.0,A reporter returns to Ohio to discuss the challenges of teaching climate change https://t.co/RmvKHmr2JT
461,@nytimes,Sat Dec 02 11:00:42 +0000 2017,0.0,0.0,1.0,0.0,"Experience the new Seven Wonders of the World, in 360¬∞ video https://t.co/FwHMgXhOER"
462,@nytimes,Sat Dec 02 10:42:53 +0000 2017,0.34,0.167,0.833,0.0,The Getaway: Sending Out an SOS: The Rise of Travel Security Apps https://t.co/YRLNLWH6S0
463,@nytimes,Sat Dec 02 10:39:48 +0000 2017,0.0,0.0,1.0,0.0,Wine School: Your Next Lesson: Amontillado https://t.co/5q5Tb9fAzh
464,@nytimes,Sat Dec 02 10:38:05 +0000 2017,0.6249,0.204,0.796,0.0,"RT @AKannapell: What We‚Äôre Reading: great work by @ProPublica @CBCRadioCanada @scrawford @connpost and more, via @AnnaDubenko @jessemckinle‚Ä¶"
465,@nytimes,Sat Dec 02 10:36:37 +0000 2017,-0.5267,0.0,0.702,0.298,Bali Volcano Evacuees Sneak Back into Danger Zone https://t.co/bGIULl4VNU
466,@nytimes,Sat Dec 02 10:19:21 +0000 2017,-0.4754,0.0,0.853,0.147,"RT @nytopinion: The votes for the bill by Susan Collins, John McCain and Jeff Flake were particularly disheartening. https://t.co/bzu0P5CQzu"
467,@nytimes,Sat Dec 02 10:02:13 +0000 2017,-0.5574,0.0,0.714,0.286,Ban on Teflon Chemical Tied to Fewer Low-Weight Babies https://t.co/tSrBmmRLVa
468,@nytimes,Sat Dec 02 09:48:42 +0000 2017,-0.2263,0.0,0.826,0.174,Honduras Declares Curfew as Protests Over Vote Count Continue https://t.co/1MnX9ejPWd
469,@nytimes,Sat Dec 02 09:30:39 +0000 2017,0.0,0.0,1.0,0.0,How 41 people in Lithuania took over your Facebook feed https://t.co/PhMNyYOq6p
470,@nytimes,Sat Dec 02 09:11:02 +0000 2017,0.765,0.292,0.708,0.0,"Two Englishmen took a shared love of boat life and books, and turned it into London's quirkiest bookstore https://t.co/MGmQvmnQM6"
471,@nytimes,Sat Dec 02 08:44:20 +0000 2017,-0.8555,0.0,0.656,0.344,A war criminal‚Äôs apparent suicide in court leaves a tribunal with one last mystery: How did he do it? https://t.co/r13etdD1td
472,@nytimes,Sat Dec 02 08:24:32 +0000 2017,0.0,0.0,1.0,0.0,Here are excerpts from Michael Flynn's court documents and what they mean https://t.co/S6lzBaX8CZ
473,@nytimes,Sat Dec 02 08:05:54 +0000 2017,-0.3818,0.0,0.794,0.206,"Mexico‚Äôs Government Is Blocking Its Own Anti-Corruption Drive, Commissioners Say https://t.co/TgIqGltUOJ"
474,@nytimes,Sat Dec 02 08:02:21 +0000 2017,0.0,0.0,1.0,0.0,Playlist: The Playlist: The Hold Steady Get Revved Up and 9 More New Songs https://t.co/119ZBQFLHL
475,@nytimes,Sat Dec 02 07:53:35 +0000 2017,-0.8481,0.0,0.62,0.38,A bacterium that lives in the mouth is also hiding in cancer cells ‚Äì and making scientists increasingly uneasy https://t.co/S8gZWqSYrI
476,@nytimes,Sat Dec 02 07:34:37 +0000 2017,-0.4754,0.0,0.838,0.162,Why are the 50-year-olds of today more unhappy with their finances than 50-year-olds used to be? https://t.co/1KorbDuilu
477,@nytimes,Sat Dec 02 07:34:37 +0000 2017,0.0,0.0,1.0,0.0,Here's how each senator voted on the Republican tax bill https://t.co/enDEsXz0CZ
478,@nytimes,Sat Dec 02 07:17:19 +0000 2017,0.34,0.167,0.833,0.0,News Analysis: Republicans Near a Big Win ‚Äî but Will It Lift Them Politically? https://t.co/sEcFp84lZT
479,@nytimes,Sat Dec 02 07:00:22 +0000 2017,0.0,0.0,1.0,0.0,Editorial: A Historic Tax Heist https://t.co/ePbHzZjpOj
480,@nytimes,Sat Dec 02 06:56:41 +0000 2017,0.5859,0.192,0.808,0.0,"The Senate passed its tax overhaul, a major win for President Trump and also a longtime G.O.P. goal
https://t.co/PRwdFuJFCq"
481,@nytimes,Sat Dec 02 06:45:50 +0000 2017,0.0,0.0,1.0,0.0,"Seeking Russian Presidency, Socialite Hits the Campaign Trail https://t.co/FScWEOZQYC"
482,@nytimes,Sat Dec 02 06:41:50 +0000 2017,0.5574,0.247,0.753,0.0,"People who can‚Äôt stand U2‚Äôs earnest, heal-the-world side may want to turn elsewhere right now https://t.co/6U5nX07V2z"
483,@nytimes,Sat Dec 02 06:22:07 +0000 2017,-0.5106,0.0,0.752,0.248,"RT @nytpolitics: A Hasty, Hand-Scribbled Tax Bill Sets Off an Outcry https://t.co/OhAXKJ9QTL"
484,@nytimes,Sat Dec 02 06:06:03 +0000 2017,0.0,0.0,1.0,0.0,RT @thomaskaplan: The Senate is about to vote on an amendment to eliminate the ANWR provision from the tax bill. We'll be counting votes: h‚Ä¶
485,@nytimes,Sat Dec 02 05:52:08 +0000 2017,0.2023,0.101,0.899,0.0,Senate is voting on amendments after Republicans released a revised tax bill with significant changes. Latest updat‚Ä¶ https://t.co/I1XmvKVLM8
486,@nytimes,Sat Dec 02 05:34:03 +0000 2017,0.0,0.0,1.0,0.0,"RT @NYTSports: The Yankees have chosen Aaron Boone, who hit one of the biggest homers in team history, to be their next manager.  He has no‚Ä¶"
487,@nytimes,Sat Dec 02 05:32:05 +0000 2017,0.0,0.0,1.0,0.0,"By midafternoon on Friday, Republicans had the votes to pass their tax bill in the Senate. What they did not have w‚Ä¶ https://t.co/XKvoSiVLsf"
488,@nytimes,Sat Dec 02 05:19:13 +0000 2017,0.2263,0.087,0.913,0.0,"RT @nytgraphics: LIVE: Senate passes amendment to allow 529 savings plans to be used for elementary and secondary schools, including privat‚Ä¶"
489,@nytimes,Sat Dec 02 05:14:09 +0000 2017,0.0,0.0,1.0,0.0,RT @nytpolitics: Latest from the Senate: Vice President Mike Pence provided a tie-breaking vote to pass an amendment on the tax bill offere‚Ä¶
490,@nytimes,Sat Dec 02 05:02:06 +0000 2017,0.1531,0.168,0.693,0.139,James Comey quoted a Bible passage about justice on Twitter just after Michael Flynn pleaded guilty https://t.co/Ni9jnX8BJn
491,@nytimes,Sat Dec 02 04:48:43 +0000 2017,-0.5106,0.0,0.708,0.292,"A Hasty, Hand-Scribbled Tax Bill Sets Off an Outcry https://t.co/yxAKSolF4e"
492,@nytimes,Sat Dec 02 04:47:06 +0000 2017,0.1027,0.105,0.806,0.089,"RT @NYTNational: As Roy Moore has sought to undermine his accusers in Alabama, he has focused on Gloria Allred as a foil. https://t.co/1nem‚Ä¶"
493,@nytimes,Sat Dec 02 04:32:07 +0000 2017,0.7096,0.312,0.688,0.0,"The best TV shows and movies new to Netflix, Amazon and more in December https://t.co/HMt6xCJVZr"
494,@nytimes,Sat Dec 02 04:25:14 +0000 2017,0.2023,0.167,0.833,0.0,Harvard Agrees to Turn Over Records Amid Discrimination Inquiry https://t.co/ko7sj0Rfoy
495,@nytimes,Sat Dec 02 04:10:55 +0000 2017,0.5994,0.246,0.754,0.0,RT @nytgraphics: LIVE: How senators voted on Marco Rubio's amendment to expand the child tax credit https://t.co/UIEV6R4u7b
496,@nytimes,Sat Dec 02 04:02:28 +0000 2017,0.2023,0.114,0.886,0.0,Republicans are on the verge of passing tax bill with significant revisions. Latest updates: https://t.co/MD3VjTx5JP
497,@nytimes,Sat Dec 02 03:47:02 +0000 2017,0.0,0.0,1.0,0.0,"RT @nytpolitics: For Trump's team, watching one of their own hauled before a judge dampened any celebration over developments in Congress.‚Ä¶"
498,@nytimes,Sat Dec 02 03:32:07 +0000 2017,0.0,0.0,1.0,0.0,What we know about the connections between Trump officials and Russia https://t.co/CG88ett5re
499,@nytimes,Sat Dec 02 03:17:03 +0000 2017,0.0,0.0,1.0,0.0,"Experience the new Seven Wonders of the World, in 360¬∞ video https://t.co/xJQS0Qgz8N"
